guid,rep_guid,max_n_agents
31ebddf1-0b54-4d01-a044-aa7cfc3856bd,27ef3227-db50-45e0-a04d-eb0c41a63446,26
146d7836-4bbf-4910-a2bf-a57ccdf12368,27ef3227-db50-45e0-a04d-eb0c41a63446,26
8c79183c-1b3d-42f4-9fce-becfe48bdf76,27ef3227-db50-45e0-a04d-eb0c41a63446,26
215b4138-b5c5-4ad2-8c93-e01f24558d93,27ef3227-db50-45e0-a04d-eb0c41a63446,26
7d53d2ba-270a-41a2-84a6-811249e46712,27ef3227-db50-45e0-a04d-eb0c41a63446,26
205c9b69-8ddd-452d-928d-be6ef3527ee4,27ef3227-db50-45e0-a04d-eb0c41a63446,26
da523c9e-43a7-4584-8f09-05cf29837b8e,27ef3227-db50-45e0-a04d-eb0c41a63446,26
11a67929-9a60-4a13-b407-42b1d0dc4784,27ef3227-db50-45e0-a04d-eb0c41a63446,26
b3f46a05-dbf3-4367-b20c-bec3c97472df,27ef3227-db50-45e0-a04d-eb0c41a63446,26
59221b47-921e-44c0-a155-ac5b06589a10,27ef3227-db50-45e0-a04d-eb0c41a63446,26
7d280ec8-7fda-45cf-9c2e-e67923993dd2,27ef3227-db50-45e0-a04d-eb0c41a63446,26
27ef3227-db50-45e0-a04d-eb0c41a63446,27ef3227-db50-45e0-a04d-eb0c41a63446,26
6d8bba6c-b337-4f46-a990-6101ce460892,27ef3227-db50-45e0-a04d-eb0c41a63446,26
63cffbb0-6af1-495f-a051-2692fb413caf,27ef3227-db50-45e0-a04d-eb0c41a63446,26
0462109e-798f-4bb4-bd6b-f1425f92bf6a,27ef3227-db50-45e0-a04d-eb0c41a63446,26
3443e8dc-9470-49f2-b06c-7bf1283bee1c,27ef3227-db50-45e0-a04d-eb0c41a63446,26
beaee536-b0a1-46da-b7be-37c8377379d3,27ef3227-db50-45e0-a04d-eb0c41a63446,26
815f7397-95ad-497c-bbaf-811017e44af7,27ef3227-db50-45e0-a04d-eb0c41a63446,26
b19c0889-fce2-4a42-8cb1-5fc5cb4e4be5,27ef3227-db50-45e0-a04d-eb0c41a63446,26
95f10455-353c-47bf-8b1e-2b6f814957fc,27ef3227-db50-45e0-a04d-eb0c41a63446,26
f6eefedf-866a-4d9c-9e22-2771007eed8c,27ef3227-db50-45e0-a04d-eb0c41a63446,26
928a9196-0e51-43ac-8692-2899630aaec4,27ef3227-db50-45e0-a04d-eb0c41a63446,26
ed2fb94f-d514-4880-a9b7-413ccf061da2,27ef3227-db50-45e0-a04d-eb0c41a63446,26
6b7e6377-9135-4db0-bffe-3698535d5b4f,27ef3227-db50-45e0-a04d-eb0c41a63446,26
01d7119c-4d5b-46e6-a302-85f7fe94b529,27ef3227-db50-45e0-a04d-eb0c41a63446,26
5a8badcf-39f5-45ea-b122-c43ee20e266a,27ef3227-db50-45e0-a04d-eb0c41a63446,26
805cddb6-6e1d-490b-b6cb-9100767ac46d,3b6c9cde-e6b6-4c6c-986a-e520222bceda,26
62a79f00-2f58-4df7-bb94-12335d44ca53,3b6c9cde-e6b6-4c6c-986a-e520222bceda,26
077a6df0-c595-4f65-9463-f004c181188d,3b6c9cde-e6b6-4c6c-986a-e520222bceda,26
f9749994-ea62-49be-8424-064f0a1c3898,3b6c9cde-e6b6-4c6c-986a-e520222bceda,26
33fecb1d-a49c-436d-8e60-020133f97859,3b6c9cde-e6b6-4c6c-986a-e520222bceda,26
a75060a5-4d0f-4573-bebb-e175d1e1b2dd,3b6c9cde-e6b6-4c6c-986a-e520222bceda,26
758063c8-609e-4bb4-aa42-13cfa67461b7,3b6c9cde-e6b6-4c6c-986a-e520222bceda,26
4b2f3152-da6b-4a5d-ae23-a44e71e9ec92,3b6c9cde-e6b6-4c6c-986a-e520222bceda,26
03c8f8ae-620d-4d41-9e43-8e241c2561d5,3b6c9cde-e6b6-4c6c-986a-e520222bceda,26
d2d340b1-0db2-473a-b3e9-361709cbecc3,3b6c9cde-e6b6-4c6c-986a-e520222bceda,26
dc738406-07cf-47b4-9cba-c9913fa5da60,3b6c9cde-e6b6-4c6c-986a-e520222bceda,26
d825ecd0-1370-497f-8fe7-5db9c5d313a8,3b6c9cde-e6b6-4c6c-986a-e520222bceda,26
97ce5673-688a-4170-8c1f-c1e1b8deb348,3b6c9cde-e6b6-4c6c-986a-e520222bceda,26
3e1afdf2-3394-4f81-85e3-f4e9b7cbc43e,3b6c9cde-e6b6-4c6c-986a-e520222bceda,26
ff0782eb-c1b5-4138-9d7e-0d4fa47f4084,3b6c9cde-e6b6-4c6c-986a-e520222bceda,26
cdb4a7e3-4603-4fb1-855a-b2300ded973a,3b6c9cde-e6b6-4c6c-986a-e520222bceda,26
3b6c9cde-e6b6-4c6c-986a-e520222bceda,3b6c9cde-e6b6-4c6c-986a-e520222bceda,26
bee01b50-45b3-4ff6-98a9-254a7e014dee,3b6c9cde-e6b6-4c6c-986a-e520222bceda,26
f7869b9e-669c-4240-8c9c-4d60ec1e04b0,3b6c9cde-e6b6-4c6c-986a-e520222bceda,26
7ddffdc5-9c93-4768-a94c-877fd37e8364,3b6c9cde-e6b6-4c6c-986a-e520222bceda,26
d057a033-7539-4073-85da-b1a6a30193df,3b6c9cde-e6b6-4c6c-986a-e520222bceda,26
1ef6a4a4-7c3d-4185-ad03-3cc1f96ef41c,3b6c9cde-e6b6-4c6c-986a-e520222bceda,26
522eb7e9-28a8-47b1-9e67-1593d38d41f6,3b6c9cde-e6b6-4c6c-986a-e520222bceda,26
7e1b6cdb-1ba1-4962-acd9-19237745cab3,3b6c9cde-e6b6-4c6c-986a-e520222bceda,26
0fc4a7a5-582d-4829-880e-dfa27c3b94f3,3b6c9cde-e6b6-4c6c-986a-e520222bceda,26
1fa2047e-845e-49c5-a08d-96ca0c1de32d,3b6c9cde-e6b6-4c6c-986a-e520222bceda,26
8a059bc2-462e-484f-8def-3ebdff172a07,f24c3190-acc0-4e4b-b0f0-ab9034e6b985,26
8fa52e49-2c10-41cb-ac2f-9443caa205ba,f24c3190-acc0-4e4b-b0f0-ab9034e6b985,26
ef9ad332-da9e-42d5-8204-7c3cf2430cf4,f24c3190-acc0-4e4b-b0f0-ab9034e6b985,26
9176a527-9ec9-4e93-94e6-29941305f93c,f24c3190-acc0-4e4b-b0f0-ab9034e6b985,26
da093b02-e3a5-4076-a06b-d9173f27dd5f,f24c3190-acc0-4e4b-b0f0-ab9034e6b985,26
13251f3e-1cc1-448c-a07d-6c604d1b4b97,f24c3190-acc0-4e4b-b0f0-ab9034e6b985,26
8efa52f7-6cd2-4d91-a2cf-982933021056,f24c3190-acc0-4e4b-b0f0-ab9034e6b985,26
dd315acd-1481-409d-adf3-0ba5a5d2b43b,f24c3190-acc0-4e4b-b0f0-ab9034e6b985,26
faccad44-dd26-4d00-b0c5-bd466e523407,f24c3190-acc0-4e4b-b0f0-ab9034e6b985,26
db7bf31b-ff97-490b-a60a-b31392528d6f,f24c3190-acc0-4e4b-b0f0-ab9034e6b985,26
1d329631-01fb-4d90-ace8-02fe289508c2,f24c3190-acc0-4e4b-b0f0-ab9034e6b985,26
9bb8a36a-69b2-4348-9d5d-588f35a87d64,f24c3190-acc0-4e4b-b0f0-ab9034e6b985,26
d160338d-7b5e-4971-9332-4cb65df02a89,f24c3190-acc0-4e4b-b0f0-ab9034e6b985,26
c7699952-7e24-4248-9921-1e9ae219c401,f24c3190-acc0-4e4b-b0f0-ab9034e6b985,26
f24c3190-acc0-4e4b-b0f0-ab9034e6b985,f24c3190-acc0-4e4b-b0f0-ab9034e6b985,26
1bcdd80b-ec6b-4808-9b56-15f0d1edef77,f24c3190-acc0-4e4b-b0f0-ab9034e6b985,26
2c6573b1-a223-4b35-b8ef-0cb15c6f1547,f24c3190-acc0-4e4b-b0f0-ab9034e6b985,26
9751406a-5097-45e2-b1ec-193af0dd278f,f24c3190-acc0-4e4b-b0f0-ab9034e6b985,26
26438138-6fd3-45b8-8215-345a375e9fbd,f24c3190-acc0-4e4b-b0f0-ab9034e6b985,26
be3d595c-af49-4dac-82b8-f0a12e3dd531,f24c3190-acc0-4e4b-b0f0-ab9034e6b985,26
c29a1922-665c-4b5b-82ce-3cb71d5184bc,f24c3190-acc0-4e4b-b0f0-ab9034e6b985,26
4fd3facd-fa48-4be7-b3ab-5cffa6fe4b4b,f24c3190-acc0-4e4b-b0f0-ab9034e6b985,26
81ece971-b330-4996-93bb-e2ff79468ec0,f24c3190-acc0-4e4b-b0f0-ab9034e6b985,26
85872ebf-93e0-4173-94bc-df0e3dd558ed,f24c3190-acc0-4e4b-b0f0-ab9034e6b985,26
cad5163b-9469-4902-82e5-45572130b77b,f24c3190-acc0-4e4b-b0f0-ab9034e6b985,26
77ae1a93-74f0-4c5c-8755-324394bc038d,f24c3190-acc0-4e4b-b0f0-ab9034e6b985,26
a3457829-1f1a-4baa-95a8-6b936dccd99d,f6a1250a-fb3f-4f32-843e-0df747026d63,33
8969f8e6-aefe-405f-ad8a-7198ff737e1f,f6a1250a-fb3f-4f32-843e-0df747026d63,33
59c7ce71-1f8a-4934-9591-4a4401ef06d3,f6a1250a-fb3f-4f32-843e-0df747026d63,33
16881c46-ab5f-4e69-afde-3ccb51a35a66,f6a1250a-fb3f-4f32-843e-0df747026d63,33
d6e2be10-36a7-4120-9b63-7a8d1bc1cd7a,f6a1250a-fb3f-4f32-843e-0df747026d63,33
f3b2dc8f-7a2f-42e1-9a69-f34d7f78dd03,f6a1250a-fb3f-4f32-843e-0df747026d63,33
4c0dd19b-a0c7-4689-a7cd-7610f4eac4d3,f6a1250a-fb3f-4f32-843e-0df747026d63,33
ec56fe02-c787-4327-8813-dba7a8061acd,f6a1250a-fb3f-4f32-843e-0df747026d63,33
1c04126d-e73e-4a9d-b815-22f5cb108edd,f6a1250a-fb3f-4f32-843e-0df747026d63,33
26b225da-f44a-497d-b0b8-1717991fb2c5,f6a1250a-fb3f-4f32-843e-0df747026d63,33
412aeac3-15a0-4ac4-88c3-a90b4e0f5c4e,f6a1250a-fb3f-4f32-843e-0df747026d63,33
61ac5313-0e62-412d-a654-27b93799cf60,f6a1250a-fb3f-4f32-843e-0df747026d63,33
2c8c8775-646f-4dfe-aa5f-7d29e8a2b8bf,f6a1250a-fb3f-4f32-843e-0df747026d63,33
d5b0763f-9148-4b72-9fd1-864b8fe2ea90,f6a1250a-fb3f-4f32-843e-0df747026d63,33
5e79853c-6d1a-4652-9479-02d0502d97c7,f6a1250a-fb3f-4f32-843e-0df747026d63,33
dcd29374-948b-4239-9c75-0e21cccf2a1f,f6a1250a-fb3f-4f32-843e-0df747026d63,33
d78ae0cf-1be4-47fa-9c53-4f0f48606a59,f6a1250a-fb3f-4f32-843e-0df747026d63,33
5c02daeb-e89d-4064-be22-c64a37f38b3a,f6a1250a-fb3f-4f32-843e-0df747026d63,33
f11c643d-7244-4184-bba0-4bb725b394f7,f6a1250a-fb3f-4f32-843e-0df747026d63,33
db74bbb6-85a3-4a97-af41-007d90214aed,f6a1250a-fb3f-4f32-843e-0df747026d63,33
0b7f16ca-01fb-4294-b472-5ec1db9a26dd,f6a1250a-fb3f-4f32-843e-0df747026d63,33
ba14e384-c770-4ed8-a6c4-d8498a4dd771,f6a1250a-fb3f-4f32-843e-0df747026d63,33
e97e5a4d-a068-4546-a6e7-1cfd6989bb72,f6a1250a-fb3f-4f32-843e-0df747026d63,33
d075003f-8e91-4044-8af1-678741f1df7e,f6a1250a-fb3f-4f32-843e-0df747026d63,33
f6a1250a-fb3f-4f32-843e-0df747026d63,f6a1250a-fb3f-4f32-843e-0df747026d63,33
844dd73c-2657-45fb-af9f-125192a1b7b3,f6a1250a-fb3f-4f32-843e-0df747026d63,33
6b1e2a36-3beb-48f2-803c-e3f663cb3ace,f6a1250a-fb3f-4f32-843e-0df747026d63,33
ec1ec0c4-edfb-4582-ae8e-e27ec48158db,f6a1250a-fb3f-4f32-843e-0df747026d63,33
7fb64976-37fd-4cbd-b899-07240e0f1dc7,f6a1250a-fb3f-4f32-843e-0df747026d63,33
889069b7-73f8-4e57-8014-1cec4f2d9b50,f6a1250a-fb3f-4f32-843e-0df747026d63,33
4bf54408-1d45-4705-a287-2ef0aab75c94,f6a1250a-fb3f-4f32-843e-0df747026d63,33
63d3b4b9-1c31-42d9-8e4a-821f27520c8c,f6a1250a-fb3f-4f32-843e-0df747026d63,33
a7323de3-54d3-471c-aa12-ce78d0cbecfc,f6a1250a-fb3f-4f32-843e-0df747026d63,33
11e9705c-ce71-46f4-92ac-cf2cfd5f6404,92170eb8-8d8f-491f-beec-b2170907ab04,9
044a0e42-5512-4f86-80dd-1e8604421762,92170eb8-8d8f-491f-beec-b2170907ab04,9
4f830c22-8047-4516-ac43-4d4210a5963b,92170eb8-8d8f-491f-beec-b2170907ab04,9
76588e15-d522-4813-900f-3fba6dd493a8,92170eb8-8d8f-491f-beec-b2170907ab04,9
92170eb8-8d8f-491f-beec-b2170907ab04,92170eb8-8d8f-491f-beec-b2170907ab04,9
f6eb7f1c-c2a0-4eb3-8049-60c19050a8f3,92170eb8-8d8f-491f-beec-b2170907ab04,9
2d5308f0-12b6-4104-addd-173aa0916fa0,92170eb8-8d8f-491f-beec-b2170907ab04,9
9fe9160c-4b71-405a-a45f-46ceebbd57d1,92170eb8-8d8f-491f-beec-b2170907ab04,9
b983a99b-cd02-4d21-a2cb-08fbe63d60ed,92170eb8-8d8f-491f-beec-b2170907ab04,9
ffbd1b0f-a5ba-4e96-a0cf-b7ae213dde8a,0ea27bae-220c-4a12-a7be-efe8158036aa,12
6fc32bd8-df10-4ec8-a820-2c2804a03688,0ea27bae-220c-4a12-a7be-efe8158036aa,12
198e1140-5f29-4833-8e26-29f8f9bdb82a,0ea27bae-220c-4a12-a7be-efe8158036aa,12
978e22ef-87a4-4b91-879c-0d56ccd47a2b,0ea27bae-220c-4a12-a7be-efe8158036aa,12
e1f5d29a-acd8-41a2-9192-aad9df1aa49a,0ea27bae-220c-4a12-a7be-efe8158036aa,12
701689d0-45fb-49c1-9b1c-81397ba912c5,0ea27bae-220c-4a12-a7be-efe8158036aa,12
0ea27bae-220c-4a12-a7be-efe8158036aa,0ea27bae-220c-4a12-a7be-efe8158036aa,12
55522981-dc3d-4d2c-98d9-7a7766410784,0ea27bae-220c-4a12-a7be-efe8158036aa,12
888c6541-a223-4982-96a6-a02e2a20a19d,0ea27bae-220c-4a12-a7be-efe8158036aa,12
6ee0ccb1-46a6-4a8e-bfcf-6984c4850331,0ea27bae-220c-4a12-a7be-efe8158036aa,12
2878750f-94a5-41da-990d-b1d39ffb566c,0ea27bae-220c-4a12-a7be-efe8158036aa,12
6dc45edc-a511-4a22-8dc7-b9c81deddd45,0ea27bae-220c-4a12-a7be-efe8158036aa,12
e3818698-3c93-4713-9092-c67683ff93cf,7db17e50-341a-440a-babc-43c18c31cd1b,10
fdfa8325-47cd-4839-8a37-9dfa182066f2,7db17e50-341a-440a-babc-43c18c31cd1b,10
bd8c21a8-3756-4945-9747-3316bb97d1d0,7db17e50-341a-440a-babc-43c18c31cd1b,10
6aafac79-eaf3-4b37-97d5-9ea1d4ef73d8,7db17e50-341a-440a-babc-43c18c31cd1b,10
6f6b313c-af32-4cbd-95fa-b65add7f3275,7db17e50-341a-440a-babc-43c18c31cd1b,10
7db17e50-341a-440a-babc-43c18c31cd1b,7db17e50-341a-440a-babc-43c18c31cd1b,10
1e8a29d5-be34-439d-bc10-73dcaa219ec4,7db17e50-341a-440a-babc-43c18c31cd1b,10
589b8c1d-fcc2-4c5f-b724-d9fcb8badb09,7db17e50-341a-440a-babc-43c18c31cd1b,10
7abf841a-7713-4864-b566-8c10021dfa29,7db17e50-341a-440a-babc-43c18c31cd1b,10
470d83cb-9267-4ee5-a270-6ea2e44367dc,7db17e50-341a-440a-babc-43c18c31cd1b,10
0dd22ff9-b840-49c9-b907-ef51f3216f6b,8d4f6017-8f75-4fe7-8b85-21f3b58817fb,7
8d4f6017-8f75-4fe7-8b85-21f3b58817fb,8d4f6017-8f75-4fe7-8b85-21f3b58817fb,7
76239fec-a8cf-46c0-ade8-aff67af7f4d3,8d4f6017-8f75-4fe7-8b85-21f3b58817fb,7
f2da45a7-e0e7-4edd-8158-a750433e3fd1,8d4f6017-8f75-4fe7-8b85-21f3b58817fb,7
a15a5495-1feb-4a2c-aee0-1b500ba3393d,8d4f6017-8f75-4fe7-8b85-21f3b58817fb,7
081841e2-33bd-46ee-a381-00adcc80ed6c,8d4f6017-8f75-4fe7-8b85-21f3b58817fb,7
496d7d8b-c9d2-48ae-a547-e70a522335a2,8d4f6017-8f75-4fe7-8b85-21f3b58817fb,7
df9ca210-6b7e-431c-b473-8ea782906a07,a171c3bb-b8bf-4741-82da-bbb75adaf109,25
9dbcf40a-87fa-4136-8999-23951edd5208,a171c3bb-b8bf-4741-82da-bbb75adaf109,25
eb32720d-6215-48bb-b398-8f80297c12ad,a171c3bb-b8bf-4741-82da-bbb75adaf109,25
d880eaae-b702-40b9-85a2-1f99ba747ab5,a171c3bb-b8bf-4741-82da-bbb75adaf109,25
1b1ca4c8-0f6e-40b2-9535-44246f5a8a9b,a171c3bb-b8bf-4741-82da-bbb75adaf109,25
062fc64c-e483-431d-97ae-29648189f32a,a171c3bb-b8bf-4741-82da-bbb75adaf109,25
23a12c04-ffb7-4dd1-8bfc-54fa4e6232e9,a171c3bb-b8bf-4741-82da-bbb75adaf109,25
28c5979a-95a5-4eee-8739-af5b77039cab,a171c3bb-b8bf-4741-82da-bbb75adaf109,25
b46e21b0-fa99-41bc-8308-088b997b07c5,a171c3bb-b8bf-4741-82da-bbb75adaf109,25
44639d1b-6b2b-4ba2-b31f-f21b77d1ae1c,a171c3bb-b8bf-4741-82da-bbb75adaf109,25
cfd80081-1e6e-4902-947a-70071541ba90,a171c3bb-b8bf-4741-82da-bbb75adaf109,25
63e6c7ff-070f-446b-b02d-27a5338f481d,a171c3bb-b8bf-4741-82da-bbb75adaf109,25
21fa397d-60ad-436c-90f9-127e3123b4b5,a171c3bb-b8bf-4741-82da-bbb75adaf109,25
45e80165-18a7-4867-a603-fe27d238bacb,a171c3bb-b8bf-4741-82da-bbb75adaf109,25
72d79d04-a87e-4c3b-8bbf-5e91dda971cb,a171c3bb-b8bf-4741-82da-bbb75adaf109,25
6bcc2f45-9446-44da-9b81-b0a66f3ec4fb,a171c3bb-b8bf-4741-82da-bbb75adaf109,25
a5793e41-983c-4784-afae-b936e14e5a45,a171c3bb-b8bf-4741-82da-bbb75adaf109,25
4b3a8c3d-3f63-4340-89d8-8cd46172ba9c,a171c3bb-b8bf-4741-82da-bbb75adaf109,25
a171c3bb-b8bf-4741-82da-bbb75adaf109,a171c3bb-b8bf-4741-82da-bbb75adaf109,25
6725f8f0-78c8-4744-9ec3-4775a0da7831,a171c3bb-b8bf-4741-82da-bbb75adaf109,25
879a5086-cf20-4c58-936a-6ac863d9dc7b,a171c3bb-b8bf-4741-82da-bbb75adaf109,25
3977ecb4-cc94-4bcc-9f69-fcb5426b7d39,a171c3bb-b8bf-4741-82da-bbb75adaf109,25
b29e0feb-a46f-4018-8d62-845113b7acd8,a171c3bb-b8bf-4741-82da-bbb75adaf109,25
00d8556d-9ccf-43ee-a5e2-bb96730723a4,a171c3bb-b8bf-4741-82da-bbb75adaf109,25
1aff7e85-3bdd-409f-9913-ed4e27e02c9b,a171c3bb-b8bf-4741-82da-bbb75adaf109,25
77e23f00-3012-42cc-9cc5-8e0f0eaa9680,d8a56bd6-2b49-41f8-ab45-6389e685de2f,6
c220d075-cfea-40b0-a34c-b8c92d047817,d8a56bd6-2b49-41f8-ab45-6389e685de2f,6
87a293c2-44b6-486a-8757-93c6028b4cfe,d8a56bd6-2b49-41f8-ab45-6389e685de2f,6
d8a56bd6-2b49-41f8-ab45-6389e685de2f,d8a56bd6-2b49-41f8-ab45-6389e685de2f,6
031d5bd4-bd2d-4b6a-bb66-1b96f885ba6d,d8a56bd6-2b49-41f8-ab45-6389e685de2f,6
fdd0b802-cf14-4fa4-a44f-16a6808b3fee,d8a56bd6-2b49-41f8-ab45-6389e685de2f,6
e45c37b2-8221-4c77-9211-beb8069e06ff,6747dc15-d5f2-4a6c-81b8-43e04925ffe7,12
163881d4-04b3-45f2-aa85-fd452d58b936,6747dc15-d5f2-4a6c-81b8-43e04925ffe7,12
d7228109-c4dd-44a4-9367-59064ebe50a5,6747dc15-d5f2-4a6c-81b8-43e04925ffe7,12
d47229f8-96e8-4a4b-8ea6-01b75b2925f7,6747dc15-d5f2-4a6c-81b8-43e04925ffe7,12
6747dc15-d5f2-4a6c-81b8-43e04925ffe7,6747dc15-d5f2-4a6c-81b8-43e04925ffe7,12
aad65ac9-00e5-48da-9553-5790e43ce5ec,6747dc15-d5f2-4a6c-81b8-43e04925ffe7,12
b8ac8645-6595-42a9-a3c5-6bbdd6f2b6b4,6747dc15-d5f2-4a6c-81b8-43e04925ffe7,12
6dc92062-2e4a-4d4b-b427-dcdce04a734f,6747dc15-d5f2-4a6c-81b8-43e04925ffe7,12
4616c8e5-315d-443d-a4a5-b134f6f739c5,6747dc15-d5f2-4a6c-81b8-43e04925ffe7,12
fa58a348-a5c3-4e44-8e3e-4e97bf9fb0a4,6747dc15-d5f2-4a6c-81b8-43e04925ffe7,12
980c9935-39ce-4a36-a484-ac5e584f9297,6747dc15-d5f2-4a6c-81b8-43e04925ffe7,12
13fe205d-3171-4575-ab70-2e1d6fb0e1ce,6747dc15-d5f2-4a6c-81b8-43e04925ffe7,12
82cb5ac2-1c78-4013-988f-dede39866777,609ff295-5416-4b1b-8a86-6293b97f5664,28
9bf7723a-b3e3-46e9-9e95-f2a967d289fa,609ff295-5416-4b1b-8a86-6293b97f5664,28
9d2ea553-ef92-4b73-a8a5-38673319bd54,609ff295-5416-4b1b-8a86-6293b97f5664,28
e1e4f3f1-7b7c-4d8f-88c1-d79a7af593ab,609ff295-5416-4b1b-8a86-6293b97f5664,28
f7fde4e1-07b6-4fba-8c53-a3782019423d,609ff295-5416-4b1b-8a86-6293b97f5664,28
08555f64-2dfd-497c-9018-4919334f39f5,609ff295-5416-4b1b-8a86-6293b97f5664,28
d9f7010b-0832-412f-a8db-75c2e91d5b13,609ff295-5416-4b1b-8a86-6293b97f5664,28
da849e49-db62-4e33-a21f-c2fb2d18edac,609ff295-5416-4b1b-8a86-6293b97f5664,28
dc87f812-c149-41c3-a747-44d31af2683c,609ff295-5416-4b1b-8a86-6293b97f5664,28
241e41a4-439f-444d-8aa8-3e001f74144b,609ff295-5416-4b1b-8a86-6293b97f5664,28
62f33621-45d5-44ca-8589-0f253c425fc8,609ff295-5416-4b1b-8a86-6293b97f5664,28
5a12fe32-5659-4961-8950-af72702fd08c,609ff295-5416-4b1b-8a86-6293b97f5664,28
a3ab8454-f2a3-4995-acb6-5eb48fc3757c,609ff295-5416-4b1b-8a86-6293b97f5664,28
04026371-3621-4de9-a178-67ddbeb5dda1,609ff295-5416-4b1b-8a86-6293b97f5664,28
6f850bc9-299e-48f9-98ec-252bf1a2698b,609ff295-5416-4b1b-8a86-6293b97f5664,28
0e07b0b1-c4fa-4d0e-9778-953e4b73f500,609ff295-5416-4b1b-8a86-6293b97f5664,28
e0af8f1d-5ac4-41e4-9dec-cd7f2e3132ca,609ff295-5416-4b1b-8a86-6293b97f5664,28
609ff295-5416-4b1b-8a86-6293b97f5664,609ff295-5416-4b1b-8a86-6293b97f5664,28
e8de59a6-a65a-4815-9cba-0d81ca26c957,609ff295-5416-4b1b-8a86-6293b97f5664,28
a7334b0f-147c-46c2-b2df-afa2b4cb93de,609ff295-5416-4b1b-8a86-6293b97f5664,28
857f5410-d66d-4127-81be-3ddaeb41366d,609ff295-5416-4b1b-8a86-6293b97f5664,28
1426aef7-6970-45a7-9e53-711e71dc75c5,609ff295-5416-4b1b-8a86-6293b97f5664,28
73441f2d-25f9-464b-b717-fe38b53cb2a0,609ff295-5416-4b1b-8a86-6293b97f5664,28
127c99fc-34ab-4067-9dd3-14ea05e784e2,609ff295-5416-4b1b-8a86-6293b97f5664,28
96b85304-7c83-49ee-8116-0815d952f5be,609ff295-5416-4b1b-8a86-6293b97f5664,28
a5f51792-1993-4010-b1ba-3f429874826f,609ff295-5416-4b1b-8a86-6293b97f5664,28
ea980cf5-bb66-4cef-b4fa-987afd0b9f72,609ff295-5416-4b1b-8a86-6293b97f5664,28
7c60545d-db38-439b-a630-d8065cef10d2,609ff295-5416-4b1b-8a86-6293b97f5664,28
097a97a8-2447-4c59-af79-6ca7addc291d,eb5e2b86-49ac-4857-863b-96ff891c7c9b,60
bd10e06d-90f8-42d7-83b0-ada55c41c222,eb5e2b86-49ac-4857-863b-96ff891c7c9b,60
963c493b-4f02-4cd2-a591-a9eb8e701cd4,eb5e2b86-49ac-4857-863b-96ff891c7c9b,60
9611ca1b-f543-48be-8df8-c27cf1938d4b,eb5e2b86-49ac-4857-863b-96ff891c7c9b,60
82539240-ec95-4d8d-a23a-5fc4c202cb83,eb5e2b86-49ac-4857-863b-96ff891c7c9b,60
0c60f1c4-97fd-441f-ba0e-004b5c836b1c,eb5e2b86-49ac-4857-863b-96ff891c7c9b,60
e82372b8-9463-41b5-bbc0-96d17c80de13,eb5e2b86-49ac-4857-863b-96ff891c7c9b,60
3d41b2c7-444a-4293-b162-bec8048cf741,eb5e2b86-49ac-4857-863b-96ff891c7c9b,60
1a57583f-99ff-47c8-9be8-63b588e2efe1,eb5e2b86-49ac-4857-863b-96ff891c7c9b,60
45d11e10-0723-4d3c-bb0a-f0e812e955c8,eb5e2b86-49ac-4857-863b-96ff891c7c9b,60
0ed9b72f-6c9e-4064-a047-c708230811de,eb5e2b86-49ac-4857-863b-96ff891c7c9b,60
9ccc61ed-4c7d-4142-80b7-93dda54bcd11,eb5e2b86-49ac-4857-863b-96ff891c7c9b,60
ca9ea343-538f-4cc0-b5f2-d49944009ddb,eb5e2b86-49ac-4857-863b-96ff891c7c9b,60
98872716-97b1-464f-815d-81b661fc7d74,eb5e2b86-49ac-4857-863b-96ff891c7c9b,60
1f21d6b5-490f-41d7-a858-ff24d5a05f83,eb5e2b86-49ac-4857-863b-96ff891c7c9b,60
492f6dc4-6336-4eb5-b108-1a1a5a9bbb2a,eb5e2b86-49ac-4857-863b-96ff891c7c9b,60
e2c3367d-b9f5-47f0-a368-dda11ea218ac,eb5e2b86-49ac-4857-863b-96ff891c7c9b,60
e57db90d-892d-4692-894d-29607f108cd4,eb5e2b86-49ac-4857-863b-96ff891c7c9b,60
2ac84a9a-ed60-41c6-8510-e2c56eca5a0b,eb5e2b86-49ac-4857-863b-96ff891c7c9b,60
9642ddbf-c15a-41c7-810c-fc9b29a3cd40,eb5e2b86-49ac-4857-863b-96ff891c7c9b,60
c46f6b17-9322-421b-a25f-0d5e0bc148a4,eb5e2b86-49ac-4857-863b-96ff891c7c9b,60
a3fbb40a-00ce-4711-acf3-d570855efa08,eb5e2b86-49ac-4857-863b-96ff891c7c9b,60
9ffc0ff7-b045-4259-a575-35178c276b8f,eb5e2b86-49ac-4857-863b-96ff891c7c9b,60
70d136c0-969e-4b54-8397-dd71e9dfab6a,eb5e2b86-49ac-4857-863b-96ff891c7c9b,60
49ba9fed-e1e2-4dd7-a423-6610b901eac5,eb5e2b86-49ac-4857-863b-96ff891c7c9b,60
7bbb13c2-785c-4a0b-8573-05016c4ceef4,eb5e2b86-49ac-4857-863b-96ff891c7c9b,60
54c959dc-b253-42d2-8817-417f40d6d7a9,eb5e2b86-49ac-4857-863b-96ff891c7c9b,60
d1f2cdd2-e7d1-4851-8a9d-e6511080a07c,eb5e2b86-49ac-4857-863b-96ff891c7c9b,60
b54a8b04-fec5-486c-b7d3-cbbcb62cd722,eb5e2b86-49ac-4857-863b-96ff891c7c9b,60
b299532b-9549-49a7-bd8e-41d02e6dc02d,eb5e2b86-49ac-4857-863b-96ff891c7c9b,60
cb219862-b1ee-4dc8-bdfe-ee2e967a1ac7,eb5e2b86-49ac-4857-863b-96ff891c7c9b,60
334fa09b-2b5d-47a2-be57-249c7bbfb50c,eb5e2b86-49ac-4857-863b-96ff891c7c9b,60
14f9b429-251a-47b1-a01c-64d6566e9d3c,eb5e2b86-49ac-4857-863b-96ff891c7c9b,60
8c283822-298f-4cee-9201-24038e46ffd7,eb5e2b86-49ac-4857-863b-96ff891c7c9b,60
3aaf8796-94f7-4a00-a908-5fca2e135065,eb5e2b86-49ac-4857-863b-96ff891c7c9b,60
6ebe4402-5d0f-4620-8f70-a1fa533ba80b,eb5e2b86-49ac-4857-863b-96ff891c7c9b,60
08259142-21fb-419f-a8ef-c0af1b2ec34d,eb5e2b86-49ac-4857-863b-96ff891c7c9b,60
70a58397-51bc-46d2-b2b8-3a6bd6413877,eb5e2b86-49ac-4857-863b-96ff891c7c9b,60
169514cf-1d0a-42ad-9100-6ee892d7fbf7,eb5e2b86-49ac-4857-863b-96ff891c7c9b,60
2e609a39-7708-49cb-a166-27b0d7a6452d,eb5e2b86-49ac-4857-863b-96ff891c7c9b,60
1a6a3bbe-33ea-45a3-b0fc-e9039e60ad2d,eb5e2b86-49ac-4857-863b-96ff891c7c9b,60
b7242b84-6404-4540-9f62-3dfa7001a9d6,eb5e2b86-49ac-4857-863b-96ff891c7c9b,60
a65813c2-a705-4367-b31a-0de54772edda,eb5e2b86-49ac-4857-863b-96ff891c7c9b,60
d76fd6ad-1d12-4acd-92b0-f5b5616925f7,eb5e2b86-49ac-4857-863b-96ff891c7c9b,60
324eed56-58f1-4fb0-89cf-328d4494ce87,eb5e2b86-49ac-4857-863b-96ff891c7c9b,60
e43c1e9a-dd40-4940-b2ae-04f4dd667c59,eb5e2b86-49ac-4857-863b-96ff891c7c9b,60
e5a8f1b6-2b2a-45b8-80e0-85ad4b3f61be,eb5e2b86-49ac-4857-863b-96ff891c7c9b,60
39d154b7-a91e-4f09-b41c-da563faf1dd4,eb5e2b86-49ac-4857-863b-96ff891c7c9b,60
98a6c420-361e-4be4-8233-d3210c1343ea,eb5e2b86-49ac-4857-863b-96ff891c7c9b,60
b4f353b5-47cf-4af0-ae56-b2a2834acafc,eb5e2b86-49ac-4857-863b-96ff891c7c9b,60
eb5e2b86-49ac-4857-863b-96ff891c7c9b,eb5e2b86-49ac-4857-863b-96ff891c7c9b,60
53fabc4a-f228-4ff3-a450-86c28e86f27a,eb5e2b86-49ac-4857-863b-96ff891c7c9b,60
303e3f98-c52a-4eb5-b934-e140e95e8c0d,eb5e2b86-49ac-4857-863b-96ff891c7c9b,60
f7427e00-207b-4968-8a0a-65c2250739dd,eb5e2b86-49ac-4857-863b-96ff891c7c9b,60
15edd994-2cfb-489c-8dcb-196a72d07806,eb5e2b86-49ac-4857-863b-96ff891c7c9b,60
370e6ffb-7f36-4fef-a4b6-d470825b9337,eb5e2b86-49ac-4857-863b-96ff891c7c9b,60
140bc25e-7936-4687-a281-268f45c80219,eb5e2b86-49ac-4857-863b-96ff891c7c9b,60
018a5270-1dc4-4a32-abe2-ce907f6d94ab,eb5e2b86-49ac-4857-863b-96ff891c7c9b,60
f54df76c-fb49-4aa5-98ba-19aabf204da3,eb5e2b86-49ac-4857-863b-96ff891c7c9b,60
7f040da1-439c-46fc-87f9-1eeb861862ba,eb5e2b86-49ac-4857-863b-96ff891c7c9b,60
dfca172d-0500-4136-8c08-9a6b9f72319e,8fbba6d0-6ebd-46e3-9eb8-ecba9f48ca81,17
83d0a711-b177-4121-a17e-8648dd97a639,8fbba6d0-6ebd-46e3-9eb8-ecba9f48ca81,17
0d0b7492-0dc1-40a4-96f6-4c6d9e200cfe,8fbba6d0-6ebd-46e3-9eb8-ecba9f48ca81,17
844385a3-e1af-4ded-b4d6-a0722b91f89c,8fbba6d0-6ebd-46e3-9eb8-ecba9f48ca81,17
25323cb6-6d6d-4156-ae70-04b19c6fe11a,8fbba6d0-6ebd-46e3-9eb8-ecba9f48ca81,17
563508c9-fc46-4a0c-af70-02b016d35431,8fbba6d0-6ebd-46e3-9eb8-ecba9f48ca81,17
638fdd99-a6ee-473f-958c-685b632719a2,8fbba6d0-6ebd-46e3-9eb8-ecba9f48ca81,17
0044af29-0512-485e-87d8-1f23568f1641,8fbba6d0-6ebd-46e3-9eb8-ecba9f48ca81,17
aa55bb07-82fd-409a-a983-fe8f5cfa9f90,8fbba6d0-6ebd-46e3-9eb8-ecba9f48ca81,17
e7d2d135-b301-4257-a1c7-719d4c994da4,8fbba6d0-6ebd-46e3-9eb8-ecba9f48ca81,17
8fbba6d0-6ebd-46e3-9eb8-ecba9f48ca81,8fbba6d0-6ebd-46e3-9eb8-ecba9f48ca81,17
a4526ab8-7706-4012-9fbb-7b080bf3269f,8fbba6d0-6ebd-46e3-9eb8-ecba9f48ca81,17
748b89db-a02e-4d82-9400-615c3a294c12,8fbba6d0-6ebd-46e3-9eb8-ecba9f48ca81,17
598814f6-8f9d-4d1f-a307-48c8eaf4443c,8fbba6d0-6ebd-46e3-9eb8-ecba9f48ca81,17
452fea1e-99d9-44ed-b3d4-44fb5463576c,8fbba6d0-6ebd-46e3-9eb8-ecba9f48ca81,17
d86b2041-e0e7-4730-ae89-e7c35669c2d3,8fbba6d0-6ebd-46e3-9eb8-ecba9f48ca81,17
67e2acb9-b2d8-498b-9d10-5b5a0aad84da,8fbba6d0-6ebd-46e3-9eb8-ecba9f48ca81,17
01008fe9-e56d-4a84-909b-93a5bbe9e523,2db2955a-8cc0-41c1-8a50-9c9f48d020db,139
e3ed9d88-19da-4d6f-a144-1912aca84d74,2db2955a-8cc0-41c1-8a50-9c9f48d020db,139
f6b83e60-56bf-4451-9e12-a9ddb29754c2,2db2955a-8cc0-41c1-8a50-9c9f48d020db,139
16181452-930c-4662-bd0b-ab5a194b42c1,2db2955a-8cc0-41c1-8a50-9c9f48d020db,139
342cee15-4702-447c-83e2-71b8e78b9029,2db2955a-8cc0-41c1-8a50-9c9f48d020db,139
599bfe19-7f95-423b-9544-632db7572cc6,2db2955a-8cc0-41c1-8a50-9c9f48d020db,139
7788bdbf-52bc-4523-8649-902878d3746a,2db2955a-8cc0-41c1-8a50-9c9f48d020db,139
6e29e75d-edb9-4ee1-a849-86cd73e5156f,2db2955a-8cc0-41c1-8a50-9c9f48d020db,139
ed34343a-44ce-460c-8534-925bdfb3e229,2db2955a-8cc0-41c1-8a50-9c9f48d020db,139
ba5e1e1c-3870-4b6b-acec-5775aba2f3c0,2db2955a-8cc0-41c1-8a50-9c9f48d020db,139
4a40de47-b9a2-48ea-844d-e2d7f5941c00,2db2955a-8cc0-41c1-8a50-9c9f48d020db,139
4502c6ff-5578-4cb3-ba2f-61bf89ee60ca,2db2955a-8cc0-41c1-8a50-9c9f48d020db,139
fb1ff18c-40d4-4161-84f7-5edf2b382666,2db2955a-8cc0-41c1-8a50-9c9f48d020db,139
1e546cc9-0ba4-4ef1-bc04-5e49aff0c56d,2db2955a-8cc0-41c1-8a50-9c9f48d020db,139
a76199ab-676f-4321-b928-2764ab08a484,2db2955a-8cc0-41c1-8a50-9c9f48d020db,139
ec650450-c0a2-4235-9e6a-5f57f65b5def,2db2955a-8cc0-41c1-8a50-9c9f48d020db,139
5a9f6232-b4cf-4ab2-a72d-ccf74d1557a2,2db2955a-8cc0-41c1-8a50-9c9f48d020db,139
d3eacc3c-fa7a-4888-9e7f-68d14c9de507,2db2955a-8cc0-41c1-8a50-9c9f48d020db,139
bc9f7bbb-4d26-451c-ae54-5c2e2ecf6995,2db2955a-8cc0-41c1-8a50-9c9f48d020db,139
6a8bde55-5658-40e7-af2a-6254a4ec5705,2db2955a-8cc0-41c1-8a50-9c9f48d020db,139
8ff38d0a-6806-493e-bfe0-b824b5df6e44,2db2955a-8cc0-41c1-8a50-9c9f48d020db,139
aa59451a-09f7-48f0-9719-cdac41f96987,2db2955a-8cc0-41c1-8a50-9c9f48d020db,139
bad8de25-695d-484d-924a-732fdd741db3,2db2955a-8cc0-41c1-8a50-9c9f48d020db,139
9461b4a8-0c02-4e0e-96f3-d57a6f7a14a1,2db2955a-8cc0-41c1-8a50-9c9f48d020db,139
b45f07c5-15a0-4936-97e8-6fbb435c1ac0,2db2955a-8cc0-41c1-8a50-9c9f48d020db,139
950ed58d-0790-4caa-83cb-6d02161e0549,2db2955a-8cc0-41c1-8a50-9c9f48d020db,139
e856cb83-f45b-404c-84c5-2f11a5ee77a4,2db2955a-8cc0-41c1-8a50-9c9f48d020db,139
153f44cf-25fc-45e8-bc77-0f0fa6b49a78,2db2955a-8cc0-41c1-8a50-9c9f48d020db,139
053a2d8d-84a1-47d8-a6bb-b2d11e67c9b3,2db2955a-8cc0-41c1-8a50-9c9f48d020db,139
00c9cc54-20d1-4f8c-9454-5f0f8cf23f86,2db2955a-8cc0-41c1-8a50-9c9f48d020db,139
96b6ce89-68ec-4beb-9a89-de35eaf6f512,2db2955a-8cc0-41c1-8a50-9c9f48d020db,139
3a3c9097-182c-4608-acc5-dcc5ff508778,2db2955a-8cc0-41c1-8a50-9c9f48d020db,139
d33f4707-cbb5-4829-b785-d834c423a0eb,2db2955a-8cc0-41c1-8a50-9c9f48d020db,139
4a92a9d1-6eb8-4dfb-82d3-5f8cb97dd468,2db2955a-8cc0-41c1-8a50-9c9f48d020db,139
feb54e51-afbd-4b5f-ade3-bf855347a1fb,2db2955a-8cc0-41c1-8a50-9c9f48d020db,139
7be389df-c316-4a71-9edd-ee0ac7534903,2db2955a-8cc0-41c1-8a50-9c9f48d020db,139
5e728b02-7b9f-4265-b2bb-78af6aa2eac5,2db2955a-8cc0-41c1-8a50-9c9f48d020db,139
ba190def-428d-4da1-bb34-09709ec3d10f,2db2955a-8cc0-41c1-8a50-9c9f48d020db,139
7521431f-3c03-4100-8612-d3bbe86f0e1b,2db2955a-8cc0-41c1-8a50-9c9f48d020db,139
05712354-a1f2-43fc-a0f1-37f4918eee64,2db2955a-8cc0-41c1-8a50-9c9f48d020db,139
7f6f00f2-293a-4e85-b59e-8cdbb788a05c,2db2955a-8cc0-41c1-8a50-9c9f48d020db,139
2c89124a-cd75-49f6-bfb9-34f7b5c5620c,2db2955a-8cc0-41c1-8a50-9c9f48d020db,139
adc3d874-6f6c-4235-a232-9c722edf6b14,2db2955a-8cc0-41c1-8a50-9c9f48d020db,139
9db50a52-2f90-4954-bfb3-1ec56399dd75,2db2955a-8cc0-41c1-8a50-9c9f48d020db,139
46b62286-a9c3-4ae1-b60d-d35414728736,2db2955a-8cc0-41c1-8a50-9c9f48d020db,139
0bc44ce6-8929-4a0b-93de-e15154d7aa41,2db2955a-8cc0-41c1-8a50-9c9f48d020db,139
8a62f6ca-e6a7-4caa-9fd5-9ab150d4e935,2db2955a-8cc0-41c1-8a50-9c9f48d020db,139
17b443ce-871b-4071-89d4-cf1ce833cafc,2db2955a-8cc0-41c1-8a50-9c9f48d020db,139
188e4a16-879a-459b-9083-f550a5fea396,2db2955a-8cc0-41c1-8a50-9c9f48d020db,139
1f630359-0a5f-4b0d-b7a2-76adf3d8f933,2db2955a-8cc0-41c1-8a50-9c9f48d020db,139
d0d2c16c-cd3d-49a3-92e3-4344abe97ed8,2db2955a-8cc0-41c1-8a50-9c9f48d020db,139
9a3cedc3-7c51-4c2a-9af6-d8d5e9a5cea0,2db2955a-8cc0-41c1-8a50-9c9f48d020db,139
0f6901be-ec61-427c-95fc-826237f070c4,2db2955a-8cc0-41c1-8a50-9c9f48d020db,139
28dfcd35-5e74-4bca-8456-fc7a8f80332a,2db2955a-8cc0-41c1-8a50-9c9f48d020db,139
b47532ef-fd1d-4435-9b66-5a3635e7f347,2db2955a-8cc0-41c1-8a50-9c9f48d020db,139
45d2441c-35cf-4c0a-af17-27f9bcb64a49,2db2955a-8cc0-41c1-8a50-9c9f48d020db,139
16eb5ddc-b711-46ba-a2b8-8d0d62c57e5e,2db2955a-8cc0-41c1-8a50-9c9f48d020db,139
d808d9e0-c9b9-47f1-8f0f-74deaf870da6,2db2955a-8cc0-41c1-8a50-9c9f48d020db,139
1dc69908-96af-4d71-9e4c-e4ebbd8936d4,2db2955a-8cc0-41c1-8a50-9c9f48d020db,139
ea0d72f6-c9aa-4720-936b-fdddb64fee18,2db2955a-8cc0-41c1-8a50-9c9f48d020db,139
25e5d910-cf32-4ed2-92d1-f9dad4d4c47d,2db2955a-8cc0-41c1-8a50-9c9f48d020db,139
41562154-45f4-4222-92d2-2cc733482499,2db2955a-8cc0-41c1-8a50-9c9f48d020db,139
09361fb9-15e6-4593-87d9-ca9291c92d96,2db2955a-8cc0-41c1-8a50-9c9f48d020db,139
35c95959-cd12-4896-a2e9-bc7f58bbcbca,2db2955a-8cc0-41c1-8a50-9c9f48d020db,139
c6fbd547-1bb7-4234-b3b7-05509b6fbb3e,2db2955a-8cc0-41c1-8a50-9c9f48d020db,139
17bb5358-f19b-4fa8-aa84-2e6f4c98be8b,2db2955a-8cc0-41c1-8a50-9c9f48d020db,139
0ca6ac0e-3776-4106-ab13-a038ad13d7fe,2db2955a-8cc0-41c1-8a50-9c9f48d020db,139
05b9354c-8283-4071-bd8d-b7ed34b9ca2f,2db2955a-8cc0-41c1-8a50-9c9f48d020db,139
b26559fb-4e02-47a9-ab0b-3cde74bc0b42,2db2955a-8cc0-41c1-8a50-9c9f48d020db,139
4d2ba815-d767-4823-a659-457d39e46629,2db2955a-8cc0-41c1-8a50-9c9f48d020db,139
2db2955a-8cc0-41c1-8a50-9c9f48d020db,2db2955a-8cc0-41c1-8a50-9c9f48d020db,139
2cd0629f-549d-401a-91eb-5623f086a38f,2db2955a-8cc0-41c1-8a50-9c9f48d020db,139
319cf031-9ef4-482d-9dc2-314e3f3be82c,2db2955a-8cc0-41c1-8a50-9c9f48d020db,139
f8a034ad-11c9-481b-bf09-158c14e44dfd,2db2955a-8cc0-41c1-8a50-9c9f48d020db,139
1c689e54-3124-4108-9106-bbd466ad79a3,2db2955a-8cc0-41c1-8a50-9c9f48d020db,139
b65921dc-e439-48aa-aade-c4effb0b14a3,2db2955a-8cc0-41c1-8a50-9c9f48d020db,139
7d6a609a-c8fa-461d-a96b-7236c14d197f,2db2955a-8cc0-41c1-8a50-9c9f48d020db,139
b698c89b-6056-4f46-9557-76a8f15d10da,2db2955a-8cc0-41c1-8a50-9c9f48d020db,139
ae600744-82f6-4d55-af53-c1abf75b6f78,2db2955a-8cc0-41c1-8a50-9c9f48d020db,139
b4a25448-e715-4371-8664-a6a24dd05256,2db2955a-8cc0-41c1-8a50-9c9f48d020db,139
f02156d9-98d6-4348-bf07-38e5b0c657d4,2db2955a-8cc0-41c1-8a50-9c9f48d020db,139
f6c09009-a3c6-45e5-97ab-5b0883d9d185,2db2955a-8cc0-41c1-8a50-9c9f48d020db,139
dc5a8127-2de3-4229-9d3f-8ed7b3aac785,2db2955a-8cc0-41c1-8a50-9c9f48d020db,139
771ff0a4-6bd3-44d4-ab11-9b832d97689b,2db2955a-8cc0-41c1-8a50-9c9f48d020db,139
4d90024e-eae2-4bf7-a504-f8671e9cb780,2db2955a-8cc0-41c1-8a50-9c9f48d020db,139
a6343a0a-555d-4a5c-832b-a31ed0fea953,2db2955a-8cc0-41c1-8a50-9c9f48d020db,139
55fc7cf4-c185-4642-acbe-8f27a5ed31af,2db2955a-8cc0-41c1-8a50-9c9f48d020db,139
483f51bd-cf96-4ae1-94e9-035500372963,2db2955a-8cc0-41c1-8a50-9c9f48d020db,139
fd598aed-5831-4527-8e91-207103436b5d,2db2955a-8cc0-41c1-8a50-9c9f48d020db,139
e5075cdb-70f5-471c-853a-2077d25d26ea,2db2955a-8cc0-41c1-8a50-9c9f48d020db,139
d060d242-4abf-4a4c-9499-1d5f031c75f9,2db2955a-8cc0-41c1-8a50-9c9f48d020db,139
1fe1c844-2b50-4361-9bb7-485bff5279fe,2db2955a-8cc0-41c1-8a50-9c9f48d020db,139
521258d6-b3ef-4905-a597-ac321e6e1d1f,2db2955a-8cc0-41c1-8a50-9c9f48d020db,139
121ff209-fd51-4465-a987-c80e12434f77,2db2955a-8cc0-41c1-8a50-9c9f48d020db,139
af69ed74-f6ab-4418-b68c-192671ba527c,2db2955a-8cc0-41c1-8a50-9c9f48d020db,139
e3f23375-d295-4a9d-99d6-e6ec588a13f4,2db2955a-8cc0-41c1-8a50-9c9f48d020db,139
614fb098-305e-453f-b961-f4253771c2ee,2db2955a-8cc0-41c1-8a50-9c9f48d020db,139
dc7cdc6b-83b4-4c4b-b480-6ac83b464ead,2db2955a-8cc0-41c1-8a50-9c9f48d020db,139
f2238e1c-280e-4a46-916f-2632e52a7c8f,2db2955a-8cc0-41c1-8a50-9c9f48d020db,139
9169446e-805f-41f4-a3c1-5abffebf5229,2db2955a-8cc0-41c1-8a50-9c9f48d020db,139
383b8fa6-ae4b-4791-ad86-40c61543c91d,2db2955a-8cc0-41c1-8a50-9c9f48d020db,139
452d26be-edca-4e84-a901-9c30a140e591,2db2955a-8cc0-41c1-8a50-9c9f48d020db,139
c178dc70-aa1a-458d-b7a7-e2bc1438a46c,2db2955a-8cc0-41c1-8a50-9c9f48d020db,139
2e5d2269-9860-4f7f-86c5-0427027199e8,2db2955a-8cc0-41c1-8a50-9c9f48d020db,139
3296e1eb-81cb-4177-939d-f6cab4e7d8d4,2db2955a-8cc0-41c1-8a50-9c9f48d020db,139
2fc7db8c-318c-42e5-8874-7d16330709ef,2db2955a-8cc0-41c1-8a50-9c9f48d020db,139
d5cbadbc-1f03-488d-be1a-99dacc0761cf,2db2955a-8cc0-41c1-8a50-9c9f48d020db,139
5a79156f-8931-4293-9ae9-2b8dca4d420a,2db2955a-8cc0-41c1-8a50-9c9f48d020db,139
c28b9075-245e-4138-8ecf-4f97cf336f5c,2db2955a-8cc0-41c1-8a50-9c9f48d020db,139
909da064-a2d0-40a2-bd8f-4ff78947ef05,2db2955a-8cc0-41c1-8a50-9c9f48d020db,139
66542cda-2c7a-4921-83f9-a7213bffb90f,2db2955a-8cc0-41c1-8a50-9c9f48d020db,139
2c915948-2dcb-4b42-9a8f-0a4cf2004091,2db2955a-8cc0-41c1-8a50-9c9f48d020db,139
455aaabc-6d7d-4360-b4a9-9923963af22c,2db2955a-8cc0-41c1-8a50-9c9f48d020db,139
18fe8451-dd1c-4a85-9cca-7b2f8d8c96ed,2db2955a-8cc0-41c1-8a50-9c9f48d020db,139
995cc252-aa66-41fe-a6c5-a0deb21d8d34,2db2955a-8cc0-41c1-8a50-9c9f48d020db,139
9e9cef24-b966-4984-971d-dddded024469,2db2955a-8cc0-41c1-8a50-9c9f48d020db,139
edbef51b-536e-4ee5-9918-b04f1acb5730,2db2955a-8cc0-41c1-8a50-9c9f48d020db,139
46d2802c-7d43-4975-9473-5a60bdde4e0c,2db2955a-8cc0-41c1-8a50-9c9f48d020db,139
2cd3d306-f2b8-46b2-ac15-5655e5a86b5c,2db2955a-8cc0-41c1-8a50-9c9f48d020db,139
9309c272-f2c2-487a-b540-1da027978a1e,2db2955a-8cc0-41c1-8a50-9c9f48d020db,139
7af3f7f2-b301-4e02-bb79-033069589b58,2db2955a-8cc0-41c1-8a50-9c9f48d020db,139
132eec9b-0a79-4b1c-8bfb-0b439ec84bfa,2db2955a-8cc0-41c1-8a50-9c9f48d020db,139
72930e0c-2da0-434f-bed7-9b81b72d4c4c,2db2955a-8cc0-41c1-8a50-9c9f48d020db,139
0b7ed6c5-f6bc-4f14-923f-2b351103f528,2db2955a-8cc0-41c1-8a50-9c9f48d020db,139
86df31ca-f7f4-4890-81d2-6cd29ac15f09,2db2955a-8cc0-41c1-8a50-9c9f48d020db,139
b89cbbb4-086c-490d-9f40-38920cfbdc85,2db2955a-8cc0-41c1-8a50-9c9f48d020db,139
bc688e1c-871e-4aa2-9522-5a113312de22,2db2955a-8cc0-41c1-8a50-9c9f48d020db,139
18aa54be-6a87-4fa8-b5f1-e114de3f2fa9,2db2955a-8cc0-41c1-8a50-9c9f48d020db,139
5f2d125a-923a-4f90-9657-571896393487,2db2955a-8cc0-41c1-8a50-9c9f48d020db,139
cb9f138b-1cea-41b0-8044-19240da449e0,2db2955a-8cc0-41c1-8a50-9c9f48d020db,139
15514cc1-4a67-4659-b261-5af78cd74943,2db2955a-8cc0-41c1-8a50-9c9f48d020db,139
f59a6de2-5136-4085-90aa-0d95d2048923,2db2955a-8cc0-41c1-8a50-9c9f48d020db,139
8bcd9956-f2c8-45fe-9108-5e8d1df6b02d,2db2955a-8cc0-41c1-8a50-9c9f48d020db,139
e92132c8-35e0-4f60-90dd-7161c327341c,2db2955a-8cc0-41c1-8a50-9c9f48d020db,139
4b833e88-4190-496e-9e21-002fdf96c771,2db2955a-8cc0-41c1-8a50-9c9f48d020db,139
e01ed211-40b8-46e5-bc72-362e26a9f308,2db2955a-8cc0-41c1-8a50-9c9f48d020db,139
2b553208-d61a-471c-9f65-d2050d5d2d26,2db2955a-8cc0-41c1-8a50-9c9f48d020db,139
99dc9afb-c5bb-4ac1-85b9-80ee2053adb8,2db2955a-8cc0-41c1-8a50-9c9f48d020db,139
897008f3-abc2-420b-ad4c-4411a357412d,2db2955a-8cc0-41c1-8a50-9c9f48d020db,139
83a698ea-13e9-4ed7-af9c-2fcf2314522b,e29054e2-3c3a-4318-88c1-4a732b7df8e6,28
6629d6e6-4dd9-4cea-b026-a169303630b3,e29054e2-3c3a-4318-88c1-4a732b7df8e6,28
c623f4c2-c85b-4eeb-a203-e805b4b9ca91,e29054e2-3c3a-4318-88c1-4a732b7df8e6,28
3dc498af-b9c4-4b90-80e5-4cd50efce1db,e29054e2-3c3a-4318-88c1-4a732b7df8e6,28
c7dbf978-9363-43ae-98f3-44cd78d4ff2b,e29054e2-3c3a-4318-88c1-4a732b7df8e6,28
578b476f-9718-4a30-aeda-ca670a329223,e29054e2-3c3a-4318-88c1-4a732b7df8e6,28
0745a2cb-6b10-4eaa-aee5-f7f86714585a,e29054e2-3c3a-4318-88c1-4a732b7df8e6,28
5fc67126-fe54-405d-9e14-40b58a71de45,e29054e2-3c3a-4318-88c1-4a732b7df8e6,28
b000cc36-b35f-43d0-a387-37f4b57f68bc,e29054e2-3c3a-4318-88c1-4a732b7df8e6,28
f554dc33-4a62-44b9-97c6-59045732955f,e29054e2-3c3a-4318-88c1-4a732b7df8e6,28
a9bb59c5-3565-4a5b-b643-b7ab8189834c,e29054e2-3c3a-4318-88c1-4a732b7df8e6,28
7497b0f7-4504-40e5-a7bb-b99b8d83d86b,e29054e2-3c3a-4318-88c1-4a732b7df8e6,28
b8763022-046b-4d5f-95ce-845f70b53067,e29054e2-3c3a-4318-88c1-4a732b7df8e6,28
e29054e2-3c3a-4318-88c1-4a732b7df8e6,e29054e2-3c3a-4318-88c1-4a732b7df8e6,28
7a832281-141f-4507-aeb5-84c89a0f4efe,e29054e2-3c3a-4318-88c1-4a732b7df8e6,28
c647c8df-7e36-435d-b75e-8e0c44e8c8cc,e29054e2-3c3a-4318-88c1-4a732b7df8e6,28
68431f2d-cd08-4742-bff9-02a70c98ed97,e29054e2-3c3a-4318-88c1-4a732b7df8e6,28
bd7c8ed2-c113-4380-ba02-09364b34691b,e29054e2-3c3a-4318-88c1-4a732b7df8e6,28
d69cdf15-2d1a-43b4-9ebd-3b1c2bd07b37,e29054e2-3c3a-4318-88c1-4a732b7df8e6,28
084c8732-14b8-4042-af2d-e6e7367c4e2b,e29054e2-3c3a-4318-88c1-4a732b7df8e6,28
feb92608-05c3-4683-ace9-bb887607b1dd,e29054e2-3c3a-4318-88c1-4a732b7df8e6,28
507c4033-6efd-44f7-8072-df6629b35b1d,e29054e2-3c3a-4318-88c1-4a732b7df8e6,28
1091bae2-f0d4-4e50-81da-f789a005f149,e29054e2-3c3a-4318-88c1-4a732b7df8e6,28
269841cd-2293-41bd-be32-ccaa5d61cf11,e29054e2-3c3a-4318-88c1-4a732b7df8e6,28
ea6e4cf6-617a-4e20-82f5-750e960d14b8,e29054e2-3c3a-4318-88c1-4a732b7df8e6,28
2b42a0bc-9c99-434c-a88f-fe8322efd5c5,e29054e2-3c3a-4318-88c1-4a732b7df8e6,28
79fe2853-b4f6-48d0-972e-3920288ccd32,e29054e2-3c3a-4318-88c1-4a732b7df8e6,28
10dcb25a-b4dc-4a3d-b096-7476735d2fac,e29054e2-3c3a-4318-88c1-4a732b7df8e6,28
df27df04-0b07-4883-af1a-6c230b44fe86,6a398962-d9e8-445b-bb3b-9aa09425f6b8,130
79b140a5-0825-424a-8d3e-b5592a763251,6a398962-d9e8-445b-bb3b-9aa09425f6b8,130
48f039bb-5b40-4183-97e7-83c5cd753063,6a398962-d9e8-445b-bb3b-9aa09425f6b8,130
fed78b5d-93a0-4663-b9f6-f6545ab8ed1b,6a398962-d9e8-445b-bb3b-9aa09425f6b8,130
361a7106-2649-44d1-a659-118e499f3f0e,6a398962-d9e8-445b-bb3b-9aa09425f6b8,130
6d5f307a-3fec-46db-97d6-4fc6099dc807,6a398962-d9e8-445b-bb3b-9aa09425f6b8,130
f3b66b33-46f0-4ef9-a200-65d8fe2c0881,6a398962-d9e8-445b-bb3b-9aa09425f6b8,130
a8682b62-bf05-4fff-87e6-4f46120790f6,6a398962-d9e8-445b-bb3b-9aa09425f6b8,130
20e1555b-7944-4571-a582-a3f24d79e574,6a398962-d9e8-445b-bb3b-9aa09425f6b8,130
a35b21e8-01e7-435e-8b91-0fd447855f2a,6a398962-d9e8-445b-bb3b-9aa09425f6b8,130
5d94624e-51f8-4c4f-affd-92e58bf8f62e,6a398962-d9e8-445b-bb3b-9aa09425f6b8,130
70bd1b3d-ee17-4f2d-915d-03185439003e,6a398962-d9e8-445b-bb3b-9aa09425f6b8,130
5bbc0b3f-943b-4acf-b18d-ce9e4b5ef711,6a398962-d9e8-445b-bb3b-9aa09425f6b8,130
07e3d72e-e33e-439b-8b9e-6c85c5f71141,6a398962-d9e8-445b-bb3b-9aa09425f6b8,130
3f4b0ac5-e580-4399-a47c-6dbdfe965c24,6a398962-d9e8-445b-bb3b-9aa09425f6b8,130
29bf0c4d-8d57-4067-9fe1-792f9d57c8a5,6a398962-d9e8-445b-bb3b-9aa09425f6b8,130
c326fa98-9e7e-4882-8149-bf07963e00fe,6a398962-d9e8-445b-bb3b-9aa09425f6b8,130
58c1c4c0-fd3f-4aaf-8c61-93354d7d2ec2,6a398962-d9e8-445b-bb3b-9aa09425f6b8,130
0a23b0bd-4804-436d-93c0-2f20877e3293,6a398962-d9e8-445b-bb3b-9aa09425f6b8,130
7aede102-533b-4b11-a7be-a45e1252bc16,6a398962-d9e8-445b-bb3b-9aa09425f6b8,130
c5a088b3-6aa5-493c-9ee3-f4236631607a,6a398962-d9e8-445b-bb3b-9aa09425f6b8,130
9497c8f9-756b-47fe-86bd-8ada1d263a27,6a398962-d9e8-445b-bb3b-9aa09425f6b8,130
893931c9-801f-4c45-9f53-82dcab44bbff,6a398962-d9e8-445b-bb3b-9aa09425f6b8,130
a2243228-8815-4517-b160-574befbb8b5d,6a398962-d9e8-445b-bb3b-9aa09425f6b8,130
7fb89b78-49c6-49e0-9d75-88820113a722,6a398962-d9e8-445b-bb3b-9aa09425f6b8,130
e53f6116-cba4-43f3-8365-63560198c70c,6a398962-d9e8-445b-bb3b-9aa09425f6b8,130
04928d8a-581b-43a8-a58d-5bf16358fc98,6a398962-d9e8-445b-bb3b-9aa09425f6b8,130
29711c13-c192-449d-b4f7-1ccfa7e658cf,6a398962-d9e8-445b-bb3b-9aa09425f6b8,130
48403d8a-328f-4993-a0cc-864d8f9f5fc7,6a398962-d9e8-445b-bb3b-9aa09425f6b8,130
5e744f82-e695-4426-8d48-8cdf7e7b06a8,6a398962-d9e8-445b-bb3b-9aa09425f6b8,130
6120b2cb-68ac-4c21-8cff-5ddd34b07100,6a398962-d9e8-445b-bb3b-9aa09425f6b8,130
3fa21a01-5f00-43fd-88df-753ed2672e17,6a398962-d9e8-445b-bb3b-9aa09425f6b8,130
5cdd57f2-b2fc-4685-a589-08d96afdc576,6a398962-d9e8-445b-bb3b-9aa09425f6b8,130
419d65a9-d31f-488f-bed3-935a760bd0c3,6a398962-d9e8-445b-bb3b-9aa09425f6b8,130
865d234e-efee-497b-aa9e-0cc3fe401d91,6a398962-d9e8-445b-bb3b-9aa09425f6b8,130
5d40731e-8aa6-4e18-a567-a9ebc805abcb,6a398962-d9e8-445b-bb3b-9aa09425f6b8,130
25d7a693-821a-4727-a229-6fcbd1ad7845,6a398962-d9e8-445b-bb3b-9aa09425f6b8,130
f0e01993-e4b6-4c98-aaa4-5aa468c6dd8f,6a398962-d9e8-445b-bb3b-9aa09425f6b8,130
05c02918-cbae-41aa-b192-fbd5180684cc,6a398962-d9e8-445b-bb3b-9aa09425f6b8,130
b2aa86ac-8baf-42a3-beb6-0e0c64e76c19,6a398962-d9e8-445b-bb3b-9aa09425f6b8,130
d14e79c0-b3ac-4075-b5c4-38c14a3ab37b,6a398962-d9e8-445b-bb3b-9aa09425f6b8,130
7259cdd8-cde5-4ca1-948d-0b5c452590c1,6a398962-d9e8-445b-bb3b-9aa09425f6b8,130
db3deedb-82a4-4686-9782-231723ba4afe,6a398962-d9e8-445b-bb3b-9aa09425f6b8,130
ae082c2b-10a8-45cd-a6e5-01b6c8aac6a9,6a398962-d9e8-445b-bb3b-9aa09425f6b8,130
467a78fa-5aee-4499-8624-fe6f6a752bad,6a398962-d9e8-445b-bb3b-9aa09425f6b8,130
6eb2d3e0-dbb0-4e51-a47e-b98f13985e44,6a398962-d9e8-445b-bb3b-9aa09425f6b8,130
950d0ebb-4532-44ce-baf6-68c927743410,6a398962-d9e8-445b-bb3b-9aa09425f6b8,130
fb10b983-d61e-4069-8d45-f1c099d7546a,6a398962-d9e8-445b-bb3b-9aa09425f6b8,130
052b136e-e5e6-4f7e-8a9c-80bc476f317c,6a398962-d9e8-445b-bb3b-9aa09425f6b8,130
4c0bdbdd-a8cb-4e4d-aa3b-a8be53172e89,6a398962-d9e8-445b-bb3b-9aa09425f6b8,130
9ad8f14e-d53b-4f48-8bbe-2eb738c89797,6a398962-d9e8-445b-bb3b-9aa09425f6b8,130
64c9f16a-01f7-4db5-8f0e-5b43d248a5df,6a398962-d9e8-445b-bb3b-9aa09425f6b8,130
fd8a5ccb-ccc0-4361-9a99-edd43c3be61a,6a398962-d9e8-445b-bb3b-9aa09425f6b8,130
0bd3f382-0fee-49ed-b0a7-8c6f4c652437,6a398962-d9e8-445b-bb3b-9aa09425f6b8,130
456ada2e-27b8-49b9-ae11-ee69e4137090,6a398962-d9e8-445b-bb3b-9aa09425f6b8,130
59dc15d4-5b3f-4c91-8c88-64ef6e61d82b,6a398962-d9e8-445b-bb3b-9aa09425f6b8,130
cde173e7-ef13-45ff-90fc-557304de38e6,6a398962-d9e8-445b-bb3b-9aa09425f6b8,130
6a398962-d9e8-445b-bb3b-9aa09425f6b8,6a398962-d9e8-445b-bb3b-9aa09425f6b8,130
e187dcd2-fc15-470e-b562-4c77db653640,6a398962-d9e8-445b-bb3b-9aa09425f6b8,130
65b6ce18-2367-4527-a4de-b0b598ba3d96,6a398962-d9e8-445b-bb3b-9aa09425f6b8,130
6a6daaa3-caa6-4aa0-b093-25af80b5ba6e,6a398962-d9e8-445b-bb3b-9aa09425f6b8,130
51de717f-b22a-49e2-9d54-d342696b2d72,6a398962-d9e8-445b-bb3b-9aa09425f6b8,130
17675655-9e6c-443f-b1db-ea3f9b6d1f4c,6a398962-d9e8-445b-bb3b-9aa09425f6b8,130
b66aa7da-afa0-4ac4-a553-bc2ac0db3412,6a398962-d9e8-445b-bb3b-9aa09425f6b8,130
7e527c75-a26d-4980-903d-19a7d200591a,6a398962-d9e8-445b-bb3b-9aa09425f6b8,130
62eefced-1c4f-48f4-8cd3-5fe7e63a04e5,6a398962-d9e8-445b-bb3b-9aa09425f6b8,130
42387a83-a01e-4090-ae0a-16e8fe46225a,6a398962-d9e8-445b-bb3b-9aa09425f6b8,130
87180201-5cff-49a7-8214-9a983552e490,6a398962-d9e8-445b-bb3b-9aa09425f6b8,130
cb090c62-c200-40cc-9575-da8ae905efa4,6a398962-d9e8-445b-bb3b-9aa09425f6b8,130
9c630196-6d1d-4a72-b150-f3da0e86a040,6a398962-d9e8-445b-bb3b-9aa09425f6b8,130
6c6f9189-ea3d-44d0-be46-8b2378e6bfbf,6a398962-d9e8-445b-bb3b-9aa09425f6b8,130
661d1df8-8bee-4eb3-b764-303d5b3d8ad5,6a398962-d9e8-445b-bb3b-9aa09425f6b8,130
dcb9384f-6173-4651-ad6d-e6f6a45e516c,6a398962-d9e8-445b-bb3b-9aa09425f6b8,130
c81d1121-48c3-400a-a001-3edd4610dc82,6a398962-d9e8-445b-bb3b-9aa09425f6b8,130
c1899759-3d38-469f-a7e0-4a282af46bca,6a398962-d9e8-445b-bb3b-9aa09425f6b8,130
e91892a3-e7ff-417c-a1a4-0bc1c213e900,6a398962-d9e8-445b-bb3b-9aa09425f6b8,130
7372cd2b-2256-4ece-980b-a0622d11b0df,6a398962-d9e8-445b-bb3b-9aa09425f6b8,130
acc74ad9-161f-4e8a-8bed-a4315c99557b,6a398962-d9e8-445b-bb3b-9aa09425f6b8,130
8950c465-5f04-4b37-9e81-90f5083d3fde,6a398962-d9e8-445b-bb3b-9aa09425f6b8,130
f197d517-59b5-4f0f-87f1-8425e74907fc,6a398962-d9e8-445b-bb3b-9aa09425f6b8,130
77b8e6c4-27d4-43d2-8ea7-f08ee21baeab,6a398962-d9e8-445b-bb3b-9aa09425f6b8,130
f02be197-08b1-4140-8380-3f796a6aa121,6a398962-d9e8-445b-bb3b-9aa09425f6b8,130
fd7ba97e-792d-4adc-8cdb-296e341eb47e,6a398962-d9e8-445b-bb3b-9aa09425f6b8,130
ce900903-d5f6-4f38-9948-e6d8ef48ee9d,6a398962-d9e8-445b-bb3b-9aa09425f6b8,130
6b2df55d-98eb-41cb-9d37-a2479024e5fd,6a398962-d9e8-445b-bb3b-9aa09425f6b8,130
9743e6e0-6d60-42b3-924a-4e7c7bd3a189,6a398962-d9e8-445b-bb3b-9aa09425f6b8,130
10d8e717-534e-4c82-b49f-9bfb3b47f29b,6a398962-d9e8-445b-bb3b-9aa09425f6b8,130
1eb21a29-1fb8-4b2f-a5b7-5262c2eb9d5c,6a398962-d9e8-445b-bb3b-9aa09425f6b8,130
ca550d9a-e0be-4481-bc12-364f6bd60ebd,6a398962-d9e8-445b-bb3b-9aa09425f6b8,130
60fd3e3b-2574-476f-bf57-aa6b86c5a293,6a398962-d9e8-445b-bb3b-9aa09425f6b8,130
9bf6613f-5ae9-4532-ad19-f75c189b9c89,6a398962-d9e8-445b-bb3b-9aa09425f6b8,130
1556753a-bae0-4f67-bda0-05c73ab7e780,6a398962-d9e8-445b-bb3b-9aa09425f6b8,130
1fd2209f-96fe-42e8-ae94-7f87f498febc,6a398962-d9e8-445b-bb3b-9aa09425f6b8,130
e1f375f9-782e-4e0d-913d-1bfc9edfebc8,6a398962-d9e8-445b-bb3b-9aa09425f6b8,130
7c234d74-4533-43d8-9fdf-66909fdc967e,6a398962-d9e8-445b-bb3b-9aa09425f6b8,130
91f34c80-c16d-4c14-ac8b-b78d74bffbc1,6a398962-d9e8-445b-bb3b-9aa09425f6b8,130
9f98b3a7-5c61-415f-9d73-71b57bfcd299,6a398962-d9e8-445b-bb3b-9aa09425f6b8,130
eb0001bd-abb3-4165-8b12-3b3920ff5df4,6a398962-d9e8-445b-bb3b-9aa09425f6b8,130
810f771d-c2be-4c2b-b8c1-22ebf43ec9e4,6a398962-d9e8-445b-bb3b-9aa09425f6b8,130
dff2bf4e-8b0e-4a3a-a606-2693d1d47db0,6a398962-d9e8-445b-bb3b-9aa09425f6b8,130
f9e9f396-a631-4bb0-bb7a-60b78158efea,6a398962-d9e8-445b-bb3b-9aa09425f6b8,130
99a8e22e-d685-43cd-a73e-7c85db97e63d,6a398962-d9e8-445b-bb3b-9aa09425f6b8,130
f3285367-ee91-489d-84c2-9695deb0b5bd,6a398962-d9e8-445b-bb3b-9aa09425f6b8,130
0b01d19c-bda6-42ed-853f-0cd337a3a519,6a398962-d9e8-445b-bb3b-9aa09425f6b8,130
09236698-a547-40ae-94e1-f6ecc86606b1,6a398962-d9e8-445b-bb3b-9aa09425f6b8,130
337c681f-b0a8-43c6-bf84-a7fd8b248647,6a398962-d9e8-445b-bb3b-9aa09425f6b8,130
26b2e8ed-b007-45c5-84d0-e0bb423cfc3c,6a398962-d9e8-445b-bb3b-9aa09425f6b8,130
5afb5116-d29c-4eee-8fc0-a9accebb5426,6a398962-d9e8-445b-bb3b-9aa09425f6b8,130
3df3d416-02b5-401e-b5a5-30d1a1a2e2b0,6a398962-d9e8-445b-bb3b-9aa09425f6b8,130
941ce66a-b4a4-45d4-879a-ee86ec582df5,6a398962-d9e8-445b-bb3b-9aa09425f6b8,130
e6148d37-4499-4bd3-a0d9-5c38625b2866,6a398962-d9e8-445b-bb3b-9aa09425f6b8,130
c80b1d5e-3b05-4ae0-a2e4-3c86f64dede7,6a398962-d9e8-445b-bb3b-9aa09425f6b8,130
c2821a3e-6bdf-495c-be12-fc10cd4d6f62,6a398962-d9e8-445b-bb3b-9aa09425f6b8,130
807f2e0f-0715-4eaa-9d9e-96bae140af32,6a398962-d9e8-445b-bb3b-9aa09425f6b8,130
2ce63ffb-0459-48e6-9e63-d037140d0a15,6a398962-d9e8-445b-bb3b-9aa09425f6b8,130
c7541ec4-587a-46a5-b17d-277bfc38ae5b,6a398962-d9e8-445b-bb3b-9aa09425f6b8,130
29ea2b59-4caf-4a0a-860e-fa916cf50af6,6a398962-d9e8-445b-bb3b-9aa09425f6b8,130
fe17a6c3-db6f-4653-9bfb-cafbeaee0924,6a398962-d9e8-445b-bb3b-9aa09425f6b8,130
8c8215eb-04c5-498b-9276-8fc057089b9b,6a398962-d9e8-445b-bb3b-9aa09425f6b8,130
c18b0bfe-ab3f-4163-8b81-9a88328d1ba7,6a398962-d9e8-445b-bb3b-9aa09425f6b8,130
1ca6de1b-449e-4df7-88f4-37b895863bee,6a398962-d9e8-445b-bb3b-9aa09425f6b8,130
fc3a7dfd-b775-4bce-a0a5-f1d4659177f8,6a398962-d9e8-445b-bb3b-9aa09425f6b8,130
082c84d1-a1f5-407d-a80e-dd52829d959d,6a398962-d9e8-445b-bb3b-9aa09425f6b8,130
a6ed83e5-9f4d-4f2b-ac89-7e273f35e8ec,6a398962-d9e8-445b-bb3b-9aa09425f6b8,130
d4ea3ea0-63ac-4978-ae20-60eeacdb7814,6a398962-d9e8-445b-bb3b-9aa09425f6b8,130
78361a51-2da8-4c68-95eb-80e0d9fe4ac3,6a398962-d9e8-445b-bb3b-9aa09425f6b8,130
4d80cebe-216b-4b5f-b341-13e77a93eab7,6a398962-d9e8-445b-bb3b-9aa09425f6b8,130
2319729d-c347-4baa-aead-d3d88425e7a8,6a398962-d9e8-445b-bb3b-9aa09425f6b8,130
5451d112-abdb-4032-9486-d9f8ec7e7bfe,6a398962-d9e8-445b-bb3b-9aa09425f6b8,130
65793ce5-16f8-45b9-baae-40b2ee95ee06,6a398962-d9e8-445b-bb3b-9aa09425f6b8,130
09b6f120-90f6-4015-a1f4-3ea1c7d587c5,87cb594d-2cc1-448a-ae03-acdc45397345,16
15091715-bd01-47e7-abdb-462194be6ceb,87cb594d-2cc1-448a-ae03-acdc45397345,16
1578611c-2f18-4139-97c9-7a75eaebc592,87cb594d-2cc1-448a-ae03-acdc45397345,16
224dd9e7-1f21-40f9-9c83-b86e5ee26a7e,87cb594d-2cc1-448a-ae03-acdc45397345,16
26846753-ea00-4618-9341-69fd561ec519,87cb594d-2cc1-448a-ae03-acdc45397345,16
32e969d0-6019-4603-a98f-39e397de3dd3,87cb594d-2cc1-448a-ae03-acdc45397345,16
3d64af76-4153-4f0e-8742-f43ddbee4e54,87cb594d-2cc1-448a-ae03-acdc45397345,16
42e4beaa-c499-440b-acf0-b7350613486f,87cb594d-2cc1-448a-ae03-acdc45397345,16
73c6557e-cecd-4bed-b947-ba38b33062e1,87cb594d-2cc1-448a-ae03-acdc45397345,16
87cb594d-2cc1-448a-ae03-acdc45397345,87cb594d-2cc1-448a-ae03-acdc45397345,16
8e781d6f-5a02-4d05-82bb-ac0243586570,87cb594d-2cc1-448a-ae03-acdc45397345,16
97dfa65f-5d51-40e5-9ec4-2538b6de0575,87cb594d-2cc1-448a-ae03-acdc45397345,16
b2ff0d7c-feaa-4d7c-a3af-b1647b9d2931,87cb594d-2cc1-448a-ae03-acdc45397345,16
c3c84bea-6b9e-4b3a-aeb2-03ac2c3fee62,87cb594d-2cc1-448a-ae03-acdc45397345,16
fb38aa13-bec3-43b8-8143-6bf781492136,87cb594d-2cc1-448a-ae03-acdc45397345,16
fc8b41b9-1f15-4db9-ad44-5b03d240c0f2,87cb594d-2cc1-448a-ae03-acdc45397345,16
0b7d1e00-c3e5-4a6f-86a9-fb7362e62253,62bb5d91-15bb-49f2-b8b6-af555ed19143,12
0c220807-3bce-4342-be05-905f2b66b077,62bb5d91-15bb-49f2-b8b6-af555ed19143,12
0fc207bc-0473-4b5a-9f50-aa26d4b122cf,62bb5d91-15bb-49f2-b8b6-af555ed19143,12
1744e3e5-217e-4e78-9f8e-84331a8ac4e8,62bb5d91-15bb-49f2-b8b6-af555ed19143,12
2d2ff2f2-e420-4b73-84cd-a4ca9b4982e6,62bb5d91-15bb-49f2-b8b6-af555ed19143,12
5c4b805d-cdf4-470f-b7ac-b2550db5f7c1,62bb5d91-15bb-49f2-b8b6-af555ed19143,12
62bb5d91-15bb-49f2-b8b6-af555ed19143,62bb5d91-15bb-49f2-b8b6-af555ed19143,12
713f1801-81a2-4a2e-a8a6-90cfdc8e95af,62bb5d91-15bb-49f2-b8b6-af555ed19143,12
78153b98-2414-4ade-930d-38938d969536,62bb5d91-15bb-49f2-b8b6-af555ed19143,12
907b7084-e5b2-4d33-a518-5eefed809400,62bb5d91-15bb-49f2-b8b6-af555ed19143,12
df2ba1a3-8446-44a9-b315-07501fc048b0,62bb5d91-15bb-49f2-b8b6-af555ed19143,12
eaa395e7-af19-4e75-bff7-2585066bc362,62bb5d91-15bb-49f2-b8b6-af555ed19143,12
3746772c-67a7-4f2f-8559-c8f2a0b5ec01,651316be-3859-4e1f-bb83-15eaed67bc08,8
3f29b6d6-3880-4091-aa06-f728e4316d00,651316be-3859-4e1f-bb83-15eaed67bc08,8
428f88fb-6a56-41f6-8829-cbd9c30c1839,651316be-3859-4e1f-bb83-15eaed67bc08,8
651316be-3859-4e1f-bb83-15eaed67bc08,651316be-3859-4e1f-bb83-15eaed67bc08,8
9f9d01fb-0c8f-4140-ab66-19da8956a5ee,651316be-3859-4e1f-bb83-15eaed67bc08,8
be751495-1003-4a9d-8047-d8361a042928,651316be-3859-4e1f-bb83-15eaed67bc08,8
ccc1401e-fa50-4630-8f46-7ee248b116d8,651316be-3859-4e1f-bb83-15eaed67bc08,8
d00729fc-96e8-43ab-b945-42d06ad63e1f,651316be-3859-4e1f-bb83-15eaed67bc08,8
4c8f2633-2b35-48a1-a625-1619cab0ce45,a6bd8232-36e8-4544-a160-72da9018f332,10
622e3756-3da6-4276-9919-327aab88950d,a6bd8232-36e8-4544-a160-72da9018f332,10
77f0b27f-8c98-43c9-8818-acbf0d55d3bc,a6bd8232-36e8-4544-a160-72da9018f332,10
8d7a2855-d1ca-49a7-bd37-77765c78c3c1,a6bd8232-36e8-4544-a160-72da9018f332,10
8f12576c-bcae-4391-9b36-f6c57683f785,a6bd8232-36e8-4544-a160-72da9018f332,10
9e2f7f24-d40b-4a24-b283-ce582096a5ef,a6bd8232-36e8-4544-a160-72da9018f332,10
a6bd8232-36e8-4544-a160-72da9018f332,a6bd8232-36e8-4544-a160-72da9018f332,10
c50751a2-afd9-4999-a278-6d9acf79f901,a6bd8232-36e8-4544-a160-72da9018f332,10
e490da9f-dc9d-4ab2-a9ff-8751f1d0f4f4,a6bd8232-36e8-4544-a160-72da9018f332,10
f27a2eeb-f7b3-47db-bd4f-537093277d4c,a6bd8232-36e8-4544-a160-72da9018f332,10
3ccc506a-7c70-436b-a0c8-beb9fdde03e7,bc045622-f2c6-4879-aa89-099a4b81fd85,4
5f1c3f74-7e09-4d77-a64a-7b869e6f617d,bc045622-f2c6-4879-aa89-099a4b81fd85,4
bc045622-f2c6-4879-aa89-099a4b81fd85,bc045622-f2c6-4879-aa89-099a4b81fd85,4
f03c59a7-99c5-4d16-84cc-d7df5b8ec969,bc045622-f2c6-4879-aa89-099a4b81fd85,4
1dd57b29-a219-4048-b5af-3b6756baff33,1dd57b29-a219-4048-b5af-3b6756baff33,7
3bfc3fdd-320a-4d1a-bc88-85e9c0340641,1dd57b29-a219-4048-b5af-3b6756baff33,7
3d1ce147-9140-4793-8241-f0b256c77a31,1dd57b29-a219-4048-b5af-3b6756baff33,7
4301fd12-a45a-484e-905e-a4de8d0c4237,1dd57b29-a219-4048-b5af-3b6756baff33,7
7740175f-da7e-4166-8b0c-03706ce03a21,1dd57b29-a219-4048-b5af-3b6756baff33,7
b9a04771-d6f1-4a6a-be0c-fddc38235e14,1dd57b29-a219-4048-b5af-3b6756baff33,7
e611e095-fd2b-4cfb-9083-a72ce194c72d,1dd57b29-a219-4048-b5af-3b6756baff33,7
0e84f334-3177-4653-8bd6-6083a5cfa91b,0e84f334-3177-4653-8bd6-6083a5cfa91b,11
52967d4a-e8b3-4aa8-ae89-ffd5dbf68bf4,0e84f334-3177-4653-8bd6-6083a5cfa91b,11
6ec3026e-a436-4575-b9d9-795e11b3ba5b,0e84f334-3177-4653-8bd6-6083a5cfa91b,11
74f6bbce-4963-44a3-98e6-7861685cba9c,0e84f334-3177-4653-8bd6-6083a5cfa91b,11
7730b391-a139-4edf-a0a7-0f467bb1f814,0e84f334-3177-4653-8bd6-6083a5cfa91b,11
84feef9c-8fa0-491b-bfde-719b3beb90a6,0e84f334-3177-4653-8bd6-6083a5cfa91b,11
a0345c6f-6f0f-404e-a493-b2be7bb2a6b0,0e84f334-3177-4653-8bd6-6083a5cfa91b,11
cb80d115-a945-4dd0-a47e-ed5754100d4c,0e84f334-3177-4653-8bd6-6083a5cfa91b,11
d8bbed7a-4c69-49d7-b61c-5566458e94d9,0e84f334-3177-4653-8bd6-6083a5cfa91b,11
e6f806c7-6f2f-4e54-8358-cc9b87edcf85,0e84f334-3177-4653-8bd6-6083a5cfa91b,11
fa37d420-9083-4ea1-adec-7eae799bf737,0e84f334-3177-4653-8bd6-6083a5cfa91b,11
00383daa-2b5e-4a5b-8495-cf5442692171,eca813b3-e5be-4e87-88f6-2f3df7359c0a,70
10a5f7d9-971e-41f0-9fcd-d3ee4f775a69,eca813b3-e5be-4e87-88f6-2f3df7359c0a,70
1c380004-ac3b-444a-9824-9444a28311ed,eca813b3-e5be-4e87-88f6-2f3df7359c0a,70
1d71706e-b87b-4fef-b45d-fc99dcb66cab,eca813b3-e5be-4e87-88f6-2f3df7359c0a,70
328e5ea0-203a-4900-93ee-03ea71602793,eca813b3-e5be-4e87-88f6-2f3df7359c0a,70
374daeea-80ab-4850-9faa-d2ad6d1e9fed,eca813b3-e5be-4e87-88f6-2f3df7359c0a,70
397be012-f520-44ed-abea-7e8af4305757,eca813b3-e5be-4e87-88f6-2f3df7359c0a,70
3b262cd7-02f4-4429-890a-da064308ae0b,eca813b3-e5be-4e87-88f6-2f3df7359c0a,70
41559ced-b5e5-46d0-823d-e8f54f4726e2,eca813b3-e5be-4e87-88f6-2f3df7359c0a,70
43add9a5-7c78-4e03-9232-a4f5fb8ad059,eca813b3-e5be-4e87-88f6-2f3df7359c0a,70
4544601a-0a65-452e-8d4d-2fc19cd04aec,eca813b3-e5be-4e87-88f6-2f3df7359c0a,70
560c0e43-341a-49af-bf3c-b5306687c6e2,eca813b3-e5be-4e87-88f6-2f3df7359c0a,70
57a7a382-4bb2-4664-8b45-8d02e32a044a,eca813b3-e5be-4e87-88f6-2f3df7359c0a,70
585379e9-5f8d-4499-b8ea-02a7b6c3c5d0,eca813b3-e5be-4e87-88f6-2f3df7359c0a,70
58ade4b4-ddfa-4f9f-9d53-6d06a05427ad,eca813b3-e5be-4e87-88f6-2f3df7359c0a,70
5a4cee30-cef8-42ba-80e1-a1b99da4f196,eca813b3-e5be-4e87-88f6-2f3df7359c0a,70
61407867-1828-43b8-b9c3-0c8359b6fdcd,eca813b3-e5be-4e87-88f6-2f3df7359c0a,70
61e54c5f-4022-4147-8006-f5818c71e10a,eca813b3-e5be-4e87-88f6-2f3df7359c0a,70
64307d6b-df76-4782-a7d8-520bcb5ce39a,eca813b3-e5be-4e87-88f6-2f3df7359c0a,70
6952f5ea-c8ca-470d-b6b1-74069237dea7,eca813b3-e5be-4e87-88f6-2f3df7359c0a,70
6a69ba05-d839-4b33-aef1-851d6f4e951c,eca813b3-e5be-4e87-88f6-2f3df7359c0a,70
6aa73656-bd22-4ce9-b769-7b32eaa8b1da,eca813b3-e5be-4e87-88f6-2f3df7359c0a,70
6b5a6c27-9f39-4d32-adc5-e9bf9b5e4dd6,eca813b3-e5be-4e87-88f6-2f3df7359c0a,70
6c624bb4-6e90-465c-b43f-33786ae22014,eca813b3-e5be-4e87-88f6-2f3df7359c0a,70
704bf971-ed40-4a09-83e3-5675ce86d9a4,eca813b3-e5be-4e87-88f6-2f3df7359c0a,70
72208a29-0799-4efc-9b09-7500be66a2af,eca813b3-e5be-4e87-88f6-2f3df7359c0a,70
73b866e8-304a-4018-a343-2d129b66a34b,eca813b3-e5be-4e87-88f6-2f3df7359c0a,70
7476c212-6c26-4f03-ace3-cc78480fb1e1,eca813b3-e5be-4e87-88f6-2f3df7359c0a,70
751ff20e-da09-4960-bc51-153eeeebbafb,eca813b3-e5be-4e87-88f6-2f3df7359c0a,70
768ea8c9-2216-4c8d-b535-36530ff84d10,eca813b3-e5be-4e87-88f6-2f3df7359c0a,70
78717d2f-6a6d-471d-9982-e07d9bac135a,eca813b3-e5be-4e87-88f6-2f3df7359c0a,70
7def2601-23e7-4ce0-9740-6a7135f11348,eca813b3-e5be-4e87-88f6-2f3df7359c0a,70
7fc1e58e-0816-41af-a670-e07a931cce00,eca813b3-e5be-4e87-88f6-2f3df7359c0a,70
80b2219f-7f4e-4074-8d58-943c7c4d2cd6,eca813b3-e5be-4e87-88f6-2f3df7359c0a,70
80cf7823-af97-4643-a747-0f762ec5145f,eca813b3-e5be-4e87-88f6-2f3df7359c0a,70
81d16960-ccc3-4494-9470-cdb32de4053e,eca813b3-e5be-4e87-88f6-2f3df7359c0a,70
837c4298-5910-4867-9aa9-51db01aa70ac,eca813b3-e5be-4e87-88f6-2f3df7359c0a,70
8956b9dd-ccb0-43c7-b24c-05d83db15d9c,eca813b3-e5be-4e87-88f6-2f3df7359c0a,70
897a4383-8705-47c7-a566-0f2b7c2a633a,eca813b3-e5be-4e87-88f6-2f3df7359c0a,70
89bce9ba-8c42-410e-b9a1-8b5f2cfced9e,eca813b3-e5be-4e87-88f6-2f3df7359c0a,70
91c9bc36-6b9d-4cd3-92b1-a8976e384455,eca813b3-e5be-4e87-88f6-2f3df7359c0a,70
928d94ae-cb56-4bc7-be9c-45b194040bd2,eca813b3-e5be-4e87-88f6-2f3df7359c0a,70
93373a39-8ea6-43e0-9c2b-45eecfad2a93,eca813b3-e5be-4e87-88f6-2f3df7359c0a,70
99eb21ee-42d5-4c58-8968-ed6550d42691,eca813b3-e5be-4e87-88f6-2f3df7359c0a,70
9c7f7bba-5a60-49cd-bbac-551261c15adc,eca813b3-e5be-4e87-88f6-2f3df7359c0a,70
9d2bfea3-f3e0-4fdc-a24f-a27de6ca659f,eca813b3-e5be-4e87-88f6-2f3df7359c0a,70
a2201799-7edc-49d5-b839-af75c2fb1879,eca813b3-e5be-4e87-88f6-2f3df7359c0a,70
a358d0a0-82b5-4888-9d6a-7a081b6616d7,eca813b3-e5be-4e87-88f6-2f3df7359c0a,70
aa5b59b7-087b-4953-b71f-c7d5d1d9290d,eca813b3-e5be-4e87-88f6-2f3df7359c0a,70
ab77da9c-ad65-46a0-ad4d-f6180f988d18,eca813b3-e5be-4e87-88f6-2f3df7359c0a,70
ac39efe3-ccf2-4a9f-a97b-1cce847f1240,eca813b3-e5be-4e87-88f6-2f3df7359c0a,70
b5075ba1-b73d-4248-9fab-48d0f2e1e828,eca813b3-e5be-4e87-88f6-2f3df7359c0a,70
c1e96001-1892-4cb2-aec2-aa77d5ec8066,eca813b3-e5be-4e87-88f6-2f3df7359c0a,70
cc22aa2e-be66-48c7-86a2-4446459fcd76,eca813b3-e5be-4e87-88f6-2f3df7359c0a,70
d5873759-32b8-4a49-ab7b-dfb319cddc22,eca813b3-e5be-4e87-88f6-2f3df7359c0a,70
d7aa45b9-ab8e-4465-9797-c9ade2b6e31b,eca813b3-e5be-4e87-88f6-2f3df7359c0a,70
d980f7f1-cab9-4a8a-a126-a446cb582b9e,eca813b3-e5be-4e87-88f6-2f3df7359c0a,70
df9db3a3-d17c-49aa-ac37-1139cf62d0b8,eca813b3-e5be-4e87-88f6-2f3df7359c0a,70
e088b58f-3c0f-463d-875f-2ed249e99aec,eca813b3-e5be-4e87-88f6-2f3df7359c0a,70
e0ecffa8-5e6f-44ae-a620-86ef9f4fa277,eca813b3-e5be-4e87-88f6-2f3df7359c0a,70
e1ef7f4a-6a8c-44dd-b83b-8d5d414fde37,eca813b3-e5be-4e87-88f6-2f3df7359c0a,70
e7ee7f2b-bf62-49be-9f75-572525119e2e,eca813b3-e5be-4e87-88f6-2f3df7359c0a,70
e962264f-e336-4e68-9c58-01aee8496474,eca813b3-e5be-4e87-88f6-2f3df7359c0a,70
ea23e2bf-cfe0-4865-a852-ce0c73e0f5b8,eca813b3-e5be-4e87-88f6-2f3df7359c0a,70
eca813b3-e5be-4e87-88f6-2f3df7359c0a,eca813b3-e5be-4e87-88f6-2f3df7359c0a,70
ef6aa499-4eed-4b94-adae-4869141b78e1,eca813b3-e5be-4e87-88f6-2f3df7359c0a,70
f09d40e7-d49e-47e7-88bb-e22577a102db,eca813b3-e5be-4e87-88f6-2f3df7359c0a,70
f940cc38-b1ac-4f36-b0be-26b513bd092f,eca813b3-e5be-4e87-88f6-2f3df7359c0a,70
fac9862c-1efc-44b0-b35d-fc723d00fe55,eca813b3-e5be-4e87-88f6-2f3df7359c0a,70
fc8fdc97-58be-4ceb-a423-27fac77fdf65,eca813b3-e5be-4e87-88f6-2f3df7359c0a,70
0f2bb9b8-b4a0-4030-8ec7-133aab27d4f8,bcc6fe38-28e5-45ff-829e-ad776e1da48f,9
19850aca-4289-405d-a5b6-1ad34314ac93,bcc6fe38-28e5-45ff-829e-ad776e1da48f,9
5a3bf772-61b1-4db6-836b-90b8c79d31e4,bcc6fe38-28e5-45ff-829e-ad776e1da48f,9
61617d73-45b0-4ab6-8028-84d1f7cecd71,bcc6fe38-28e5-45ff-829e-ad776e1da48f,9
75e6f8c1-5a8d-47c7-bb0f-5c3984c10e6d,bcc6fe38-28e5-45ff-829e-ad776e1da48f,9
95e2dd6d-9d97-48d1-9adf-b109cc580f77,bcc6fe38-28e5-45ff-829e-ad776e1da48f,9
b13f0415-339b-42f4-b5c0-db07ad115ad7,bcc6fe38-28e5-45ff-829e-ad776e1da48f,9
bcc6fe38-28e5-45ff-829e-ad776e1da48f,bcc6fe38-28e5-45ff-829e-ad776e1da48f,9
c5ca2f3a-05bd-4a42-901f-7fdd18fd65fe,bcc6fe38-28e5-45ff-829e-ad776e1da48f,9
200adc09-997e-47f1-ab61-a88b2fb03b85,f28f82f5-d905-40f5-b828-9db30e0ece11,6
8cbf1161-206f-4703-9bbc-d87e95b9e8f0,f28f82f5-d905-40f5-b828-9db30e0ece11,6
9e683148-58af-4be8-8313-5f57856cc5aa,f28f82f5-d905-40f5-b828-9db30e0ece11,6
f28f82f5-d905-40f5-b828-9db30e0ece11,f28f82f5-d905-40f5-b828-9db30e0ece11,6
f9cb97a2-6f9b-4d27-8a9f-f448b3499d65,f28f82f5-d905-40f5-b828-9db30e0ece11,6
fb539c27-94f3-4b18-8745-4a91434a9aa9,f28f82f5-d905-40f5-b828-9db30e0ece11,6
1c35888f-623d-45de-a6b9-408060021297,1c35888f-623d-45de-a6b9-408060021297,6
6be4b6c3-a2a6-490b-a05e-55f7af4d4f5e,1c35888f-623d-45de-a6b9-408060021297,6
c45fff6e-1b4b-4039-86ab-f4641fbcafd5,1c35888f-623d-45de-a6b9-408060021297,6
e2a37de9-5e08-4878-b3c9-0cb7bd4ae552,1c35888f-623d-45de-a6b9-408060021297,6
e751e7c0-3646-4a10-9ac7-e546085969c5,1c35888f-623d-45de-a6b9-408060021297,6
f5854f54-2d1c-41a4-8f96-01757018a317,1c35888f-623d-45de-a6b9-408060021297,6
02053cf7-3983-4902-bafd-2087e758414b,02053cf7-3983-4902-bafd-2087e758414b,6
0f783672-a719-41b8-93be-40c821d821fe,02053cf7-3983-4902-bafd-2087e758414b,6
2fb6e782-d498-4674-99f1-09a22b115578,02053cf7-3983-4902-bafd-2087e758414b,6
55cd5820-0612-464c-a589-72fae063ac3b,02053cf7-3983-4902-bafd-2087e758414b,6
6c168e18-5c5f-4dea-8a20-a29a6a761e43,02053cf7-3983-4902-bafd-2087e758414b,6
f2a97a9a-c2f5-45f7-8aec-8990a68ed07b,02053cf7-3983-4902-bafd-2087e758414b,6
50852deb-2ec1-46a9-9325-8d48d5e21036,944c717c-1ab0-441a-aa02-52619477c844,3
6c6ef67e-c035-4101-a868-8a15a8de1d2a,944c717c-1ab0-441a-aa02-52619477c844,3
944c717c-1ab0-441a-aa02-52619477c844,944c717c-1ab0-441a-aa02-52619477c844,3
2276b20a-0f4c-4bee-b4e9-e1b95be45463,2276b20a-0f4c-4bee-b4e9-e1b95be45463,3
57f526b8-6665-4586-bcc6-f4c4c855a980,2276b20a-0f4c-4bee-b4e9-e1b95be45463,3
984d3237-f46f-4219-a395-d7609d3e082c,2276b20a-0f4c-4bee-b4e9-e1b95be45463,3
04e6f838-bdbc-4b3f-85ee-87b318fc2181,8588593d-77c3-4ed4-b765-dcffb2332227,10
1f04a54e-2ecd-43f0-af0a-fe517c1048db,8588593d-77c3-4ed4-b765-dcffb2332227,10
3f0540c9-8234-4d14-befb-7d486f59ae5f,8588593d-77c3-4ed4-b765-dcffb2332227,10
570db1d7-4fb0-4c04-9492-55b8367a99ef,8588593d-77c3-4ed4-b765-dcffb2332227,10
8588593d-77c3-4ed4-b765-dcffb2332227,8588593d-77c3-4ed4-b765-dcffb2332227,10
a4062c5f-acc6-4046-aea2-8eaca9afe6f0,8588593d-77c3-4ed4-b765-dcffb2332227,10
aaa94dcc-69de-41cd-905d-32d4a66202bb,8588593d-77c3-4ed4-b765-dcffb2332227,10
ba4fb4d2-f05c-44bb-9757-6b4198dc107f,8588593d-77c3-4ed4-b765-dcffb2332227,10
ee3ee558-76fc-4980-bab7-f896c9052b2e,8588593d-77c3-4ed4-b765-dcffb2332227,10
fdb45843-85c5-40a6-a422-41575b630933,8588593d-77c3-4ed4-b765-dcffb2332227,10
09c9d8e0-49e5-4c8e-b3a6-8e0ee2bbfdc9,b99a89c6-684c-47fe-9d18-ff977cbe6b4e,4
6f94f844-e447-4b5f-be0c-ae8183833fc0,b99a89c6-684c-47fe-9d18-ff977cbe6b4e,4
b99a89c6-684c-47fe-9d18-ff977cbe6b4e,b99a89c6-684c-47fe-9d18-ff977cbe6b4e,4
d91eba6c-f59d-4392-bb93-d67409899f02,b99a89c6-684c-47fe-9d18-ff977cbe6b4e,4
7be2e15b-810c-40af-8dd0-67addb03b63a,fa05fb54-d53a-4a41-bed9-b98475408884,4
a0e1ba97-376f-4714-9401-de6accf05a92,fa05fb54-d53a-4a41-bed9-b98475408884,4
b5378ca2-ec56-487e-bbda-e7a801541d37,fa05fb54-d53a-4a41-bed9-b98475408884,4
fa05fb54-d53a-4a41-bed9-b98475408884,fa05fb54-d53a-4a41-bed9-b98475408884,4
32f09680-afef-46f8-a1f3-f819ad9a5716,34925f5a-ec5d-4e18-a822-2b760195fcd7,4
5452a060-588c-40be-9639-2f0ea76a6491,34925f5a-ec5d-4e18-a822-2b760195fcd7,4
34925f5a-ec5d-4e18-a822-2b760195fcd7,34925f5a-ec5d-4e18-a822-2b760195fcd7,4
db0e3fb2-0358-48e7-a26a-08b08736fa0c,34925f5a-ec5d-4e18-a822-2b760195fcd7,4
e55fe3bc-2b08-4de6-9086-9ca651157332,81de8e94-b42c-4810-9142-b02fd740c147,4
2e32b9fd-904c-4edf-96f0-e85a900d30fd,81de8e94-b42c-4810-9142-b02fd740c147,4
ab027ce0-270b-46d9-b998-151225a9077f,81de8e94-b42c-4810-9142-b02fd740c147,4
81de8e94-b42c-4810-9142-b02fd740c147,81de8e94-b42c-4810-9142-b02fd740c147,4
d9b8db4c-8004-47a6-81b3-00b68f2d4869,5ae9467c-fb1e-4645-99a5-ff322380254d,4
8c3b504b-f6cf-4771-8760-6b9a4697f543,5ae9467c-fb1e-4645-99a5-ff322380254d,4
b5132bc4-c030-456e-97ac-3d86c784ff50,5ae9467c-fb1e-4645-99a5-ff322380254d,4
5ae9467c-fb1e-4645-99a5-ff322380254d,5ae9467c-fb1e-4645-99a5-ff322380254d,4
79e95321-3608-46a4-a5c6-3f44fe883987,356646e9-29a6-46ee-9cfc-3016c55a4bbc,4
356646e9-29a6-46ee-9cfc-3016c55a4bbc,356646e9-29a6-46ee-9cfc-3016c55a4bbc,4
231db9d7-50ad-4135-96ac-15e6d45aa697,356646e9-29a6-46ee-9cfc-3016c55a4bbc,4
b948bd9b-d046-44db-a6ae-c8285043826a,356646e9-29a6-46ee-9cfc-3016c55a4bbc,4
86bb6990-21a7-4c14-b836-93ecaa821dc9,b52e8933-3bda-47e3-9d7b-1274593ead3e,4
b52e8933-3bda-47e3-9d7b-1274593ead3e,b52e8933-3bda-47e3-9d7b-1274593ead3e,4
a5dff481-5945-45c0-a2dd-8b7889b14175,b52e8933-3bda-47e3-9d7b-1274593ead3e,4
e2c130a3-fd1b-4eb2-87cc-730ab14d5fe5,b52e8933-3bda-47e3-9d7b-1274593ead3e,4
4e7e1206-151b-4ec4-a96b-4595bd61d9cf,4e7e1206-151b-4ec4-a96b-4595bd61d9cf,4
c9196b82-c67d-4f44-b4c9-d5e30de74c64,4e7e1206-151b-4ec4-a96b-4595bd61d9cf,4
8d68e014-4d02-4a07-a20e-109d4ad360b5,4e7e1206-151b-4ec4-a96b-4595bd61d9cf,4
2d6bfd18-bfb7-4128-8006-5d1b8fcf4493,4e7e1206-151b-4ec4-a96b-4595bd61d9cf,4
128f67c2-b07a-4ecd-b324-0dcc6b526820,4cbef2b6-c4ef-4b75-b264-25d254cb9138,16
70d270ee-64b8-40eb-9090-08b57b9d4e1a,4cbef2b6-c4ef-4b75-b264-25d254cb9138,16
cf277efa-e2a0-4870-b304-46df5e85691a,4cbef2b6-c4ef-4b75-b264-25d254cb9138,16
b4a7a300-d25d-460c-b410-a14d29c30096,4cbef2b6-c4ef-4b75-b264-25d254cb9138,16
a4cbd26b-6dc6-446a-b416-60942ee3a8ea,4cbef2b6-c4ef-4b75-b264-25d254cb9138,16
41ac0866-1c69-42d4-880f-2749086c79f6,4cbef2b6-c4ef-4b75-b264-25d254cb9138,16
4bea9df4-45aa-450b-a1e5-2eab91e88c86,4cbef2b6-c4ef-4b75-b264-25d254cb9138,16
c8010571-8680-4446-9a30-f9181022042e,4cbef2b6-c4ef-4b75-b264-25d254cb9138,16
1f6cb1f5-2811-41ab-9dbc-e0066c2adb7d,4cbef2b6-c4ef-4b75-b264-25d254cb9138,16
1f71d146-a573-49fe-8061-97d0c2731138,4cbef2b6-c4ef-4b75-b264-25d254cb9138,16
0dca536d-810c-431a-8789-3c6504ca85a8,4cbef2b6-c4ef-4b75-b264-25d254cb9138,16
a24d2187-1565-4d08-93f1-9361783512ed,4cbef2b6-c4ef-4b75-b264-25d254cb9138,16
1aeaf339-a324-4fef-a9fa-902fb0058463,4cbef2b6-c4ef-4b75-b264-25d254cb9138,16
d136a04a-1bda-4198-abcb-250aea6f147d,4cbef2b6-c4ef-4b75-b264-25d254cb9138,16
f47064d0-b8ed-41c6-8452-72121be50c9e,4cbef2b6-c4ef-4b75-b264-25d254cb9138,16
4cbef2b6-c4ef-4b75-b264-25d254cb9138,4cbef2b6-c4ef-4b75-b264-25d254cb9138,16
165756fe-fb2b-4116-bbc0-96668e047878,ce33243f-7272-4764-b2b3-a75cc96e4b8e,5
80f7ed24-4854-4a42-9a78-510539e36d3e,ce33243f-7272-4764-b2b3-a75cc96e4b8e,5
fdc84a12-fa83-4c9b-abd9-9b734d5fb5b0,ce33243f-7272-4764-b2b3-a75cc96e4b8e,5
d9cfd3ae-4146-4264-94c5-3d6fcaa1bb7c,ce33243f-7272-4764-b2b3-a75cc96e4b8e,5
ce33243f-7272-4764-b2b3-a75cc96e4b8e,ce33243f-7272-4764-b2b3-a75cc96e4b8e,5